createdAt,Sentiment
2010-06-04,0.16666666666666666
2011-12-01,0.3
2011-12-03,0.225
2011-12-04,0.48000000000000004
2011-12-21,0.14935064935064934
2011-12-22,-0.061111111111111095
2011-12-24,0.2833333333333333
2011-12-26,-0.006812169312169311
2011-12-27,0.2
2011-12-28,0.425
2011-12-29,0.13594155844155845
2011-12-30,0.19215029761904762
2011-12-31,0.19444444444444442
2012-01-01,0.2729901051329623
2012-01-03,0.43
2012-01-06,0.13472222222222222
2012-01-11,0.35
2012-01-12,0.21666666666666667
2012-01-13,0.25
2012-01-14,0.15625
2012-01-17,0.03549382716049382
2012-01-18,-0.2571428571428572
2012-01-22,0.0
2012-01-23,0.24062499999999998
2012-01-24,0.09444444444444444
2012-01-27,0.49318181818181817
2012-01-28,0.053977272727272735
2012-01-31,0.35
2012-02-01,0.26666666666666666
2012-02-02,0.3
2012-02-04,0.1
2012-02-05,0.0
2012-02-06,-0.05
2012-02-07,0.4
2012-02-08,0.146780303030303
2012-02-09,0.39285714285714285
2012-02-10,0.22142857142857142
2012-02-12,0.225
2012-02-14,0.0
2012-02-17,0.2
2012-02-21,0.28125
2012-02-22,0.0
2012-02-25,0.10606060606060606
2012-02-28,0.0
2012-02-29,0.0
2012-03-02,0.0
2012-03-07,0.0
2012-03-11,0.5
2012-03-12,0.17045454545454544
2012-03-13,0.0
2012-03-14,0.0
2012-03-15,0.5
2012-03-20,0.4401515151515151
2012-03-22,0.5
2012-03-28,-0.08928571428571427
2012-03-31,0.23750000000000002
2012-04-01,0.0
2012-04-03,0.17159090909090907
2012-04-04,0.44999999999999996
2012-04-05,0.4625
2012-04-09,-0.03611111111111111
2012-04-11,0.8
2012-04-14,0.45
2012-04-18,0.021590909090909088
2012-04-19,0.125
2012-04-21,0.5
2012-04-22,1.0
2012-04-23,0.10606060606060606
2012-04-24,0.4
2012-04-30,0.15885416666666666
2012-05-03,0.07222222222222223
2012-05-05,0.18095238095238095
2012-05-08,0.0
2012-05-09,0.0
2012-05-10,0.375
2012-05-11,0.07738095238095238
2012-05-14,-0.19375
2012-05-19,0.24
2012-05-20,0.050000000000000024
2012-05-22,0.09027777777777778
2012-05-23,0.30000000000000004
2012-05-24,0.11875
2012-05-25,0.25
2012-05-31,0.175
2012-06-05,0.0
2012-06-14,0.21875
2012-06-16,0.3666666666666667
2012-06-18,0.40208333333333335
2012-06-20,0.0
2012-06-22,0.0625
2012-06-27,0.28923611111111114
2012-06-28,0.1
2012-06-30,0.44999999999999996
2012-07-01,0.12430555555555556
2012-07-05,0.45
2012-07-07,0.1
2012-07-12,0.2743055555555556
2012-07-14,-0.5
2012-07-15,0.24204545454545456
2012-07-17,0.47500000000000003
2012-07-21,0.43333333333333335
2012-07-23,0.0
2012-07-27,0.09922619047619048
2012-07-31,0.1888888888888889
2012-08-01,0.23229166666666665
2012-08-03,0.27817460317460313
2012-08-04,0.34166666666666673
2012-08-13,0.049999999999999996
2012-08-22,0.56875
2012-08-25,0.0
2012-08-27,0.016666666666666673
2012-08-29,0.4625
2012-09-06,-0.07142857142857142
2012-09-13,0.6000000000000001
2012-09-14,-0.25
2012-09-17,0.625
2012-09-19,0.1875
2012-09-22,0.3125
2012-09-24,0.0
2012-09-25,0.30714285714285716
2012-09-30,0.45
2012-10-01,0.0
2012-10-02,0.0
2012-10-03,-0.5
2012-10-04,0.0
2012-10-07,0.0
2012-10-08,0.0
2012-10-11,-0.05
2012-10-22,0.0
2012-10-28,0.33791666666666664
2012-11-03,0.0375
2012-11-06,0.875
2012-11-07,0.0
2012-11-12,1.0
2012-11-13,0.6125
2012-11-16,0.5375
2012-11-19,0.4166666666666667
2012-11-20,0.04645833333333334
2012-11-21,0.40625
2012-11-22,0.175
2012-11-23,0.14930555555555555
2012-11-24,0.0
2012-11-25,0.0
2012-11-27,-0.19999999999999998
2012-11-28,0.4928571428571428
2012-11-29,0.25
2012-12-02,0.5
2012-12-04,0.14545454545454548
2012-12-05,0.25
2012-12-09,0.04017857142857143
2012-12-11,0.3
2012-12-12,0.28500000000000003
2012-12-14,0.06888888888888889
2012-12-17,0.425
2012-12-19,0.44625000000000004
2012-12-24,-0.06473214285714285
2012-12-25,0.5625
2012-12-29,0.16666666666666669
2013-01-04,0.375
2013-01-10,0.10833333333333332
2013-01-15,0.0
2013-01-18,0.8
2013-01-26,0.18
2013-01-30,0.0
2013-02-04,0.45166666666666666
2013-02-08,0.049999999999999996
2013-02-09,0.125
2013-02-10,0.0
2013-02-11,0.1195
2013-02-14,0.21428571428571427
2013-02-15,0.20833333333333334
2013-02-16,0.0
2013-02-18,0.4
2013-02-19,0.25
2013-02-23,0.38392857142857145
2013-02-25,0.5104166666666666
2013-02-26,0.6
2013-02-27,0.15833333333333333
2013-03-01,0.1370959595959596
2013-03-02,0.0
2013-03-06,0.0
2013-03-08,0.13796296296296295
2013-03-09,0.05833333333333333
2013-03-10,0.0
2013-03-17,0.325
2013-03-19,0.0
2013-03-20,0.010416666666666668
2013-03-23,0.26495726495726496
2013-03-24,0.0
2013-03-25,-0.1395833333333333
2013-03-26,0.11878306878306877
2013-03-29,0.11970899470899471
2013-03-30,0.19642857142857142
2013-03-31,0.6
2013-04-01,0.37249999999999994
2013-04-02,0.003124999999999991
2013-04-03,0.525
2013-04-08,0.24173232323232324
2013-04-09,0.18462301587301586
2013-04-10,0.1
2013-04-11,0.181184613997114
2013-04-13,0.25
2013-04-17,0.1477272727272727
2013-04-18,-0.1
2013-04-21,0.75
2013-04-22,0.3477272727272727
2013-04-23,0.25625000000000003
2013-04-24,0.0625
2013-04-25,0.2067550505050505
2013-04-26,-0.2333333333333333
2013-04-28,0.039814814814814824
2013-04-30,0.05
2013-05-01,0.3668367346938775
2013-05-02,0.04643678695436509
2013-05-03,0.16314606145488497
2013-05-04,0.25555555555555554
2013-05-05,0.1
2013-05-06,0.14666666666666667
2013-05-07,0.1013888888888889
2013-05-08,0.08333333333333333
2013-05-09,0.012499999999999999
2013-05-12,0.0729100529100529
2013-05-13,0.11527777777777778
2013-05-14,0.15
2013-05-15,0.0
2013-05-18,-0.06666666666666665
2013-05-19,0.0175
2013-05-20,0.0
2013-05-22,0.0
2013-05-23,0.0825
2013-05-24,-0.05138888888888889
2013-05-25,0.06650793650793652
2013-05-26,0.25
2013-05-30,0.26666666666666666
2013-06-03,0.10777777777777778
2013-06-05,0.125
2013-06-06,-0.07848888888888889
2013-06-08,0.4875
2013-06-10,0.043181818181818175
2013-06-12,0.075
2013-06-18,0.07828282828282827
2013-06-19,-0.1
2013-06-20,0.0
2013-06-21,0.0
2013-06-24,0.0
2013-06-25,0.07678571428571428
2013-06-28,-0.2
2013-06-29,0.04545454545454545
2013-06-30,0.375
2013-07-02,0.21875
2013-07-06,0.5
2013-07-09,0.0
2013-07-10,0.24318181818181817
2013-07-15,0.10561507936507937
2013-07-23,0.0
2013-07-24,1.0
2013-07-28,0.3125
2013-08-01,0.2
2013-08-07,0.0
2013-08-12,0.259375
2013-08-14,0.06944444444444443
2013-08-16,0.0
2013-08-20,1.0
2013-08-23,0.44266666666666665
2013-08-24,1.0
2013-09-04,-0.16666666666666666
2013-09-05,0.0
2013-09-06,0.0
2013-09-07,-0.14666666666666664
2013-09-10,-0.03947811447811448
2013-09-13,0.25
2013-09-15,0.5666666666666667
2013-09-18,0.15
2013-09-19,0.18095238095238098
2013-09-20,0.234375
2013-09-25,0.14999999999999997
2013-09-26,0.0
2013-09-27,0.0
2013-09-29,0.13583333333333333
2013-10-04,0.0
2013-10-12,0.0
2013-10-26,0.0
2013-10-30,0.0
2013-11-02,0.2102272727272727
2013-11-10,0.0
2013-11-12,-0.0625
2013-11-14,0.35
2013-11-19,0.19999999999999998
2013-11-21,0.0
2013-11-23,0.16136363636363638
2013-11-24,0.31666666666666665
2013-11-26,0.11666666666666665
2013-11-28,0.12287555037555037
2013-11-29,-0.25
2013-11-30,0.25
2013-12-02,0.09875000000000002
2013-12-03,0.2131542699724518
2013-12-04,0.02403846153846154
2013-12-05,0.3833333333333333
2013-12-10,-0.0625
2013-12-19,0.0
2013-12-21,0.2625
2013-12-22,0.19999999999999998
2013-12-25,0.0
2013-12-26,0.55
2014-01-06,0.25625
2014-01-07,-0.1
2014-01-23,0.0
2014-01-26,0.056818181818181816
2014-01-30,0.0
2014-02-02,-0.225
2014-02-07,0.31212121212121213
2014-02-09,0.47500000000000003
2014-02-11,0.0
2014-02-14,0.4
2014-02-24,0.0
2014-02-25,0.0
2014-03-05,0.0
2014-03-07,0.225
2014-03-10,0.0
2014-03-11,0.22727272727272727
2014-03-14,0.18387626262626264
2014-03-17,0.0
2014-03-19,0.0
2014-03-25,0.0
2014-03-31,0.016666666666666666
2014-04-01,0.0
2014-04-05,0.2142857142857143
2014-04-07,-0.17333333333333337
2014-04-08,0.03454545454545454
2014-04-17,0.25
2014-04-18,0.13615384615384613
2014-04-19,0.1125
2014-04-24,0.2681818181818182
2014-04-26,0.05000000000000002
2014-04-29,0.1292207792207792
2014-05-02,0.0
2014-05-08,-0.2
2014-05-10,0.4625
2014-05-14,0.4
2014-05-22,0.8
2014-05-23,0.10472823472823474
2014-05-24,0.2733333333333334
2014-05-25,0.2333333333333333
2014-05-29,0.25000000000000006
2014-05-31,0.0
2014-06-04,0.25
2014-06-11,0.08333333333333334
2014-06-12,0.024999999999999994
2014-06-17,0.16704545454545455
2014-06-19,0.5
2014-07-01,0.5
2014-07-10,0.006060606060606058
2014-07-14,0.4904017857142857
2014-07-19,0.0
2014-07-23,-0.04375000000000001
2014-07-26,0.0
2014-08-03,0.3049305555555556
2014-08-05,-0.04624999999999999
2014-08-15,0.0
2014-08-19,0.0
2014-08-23,0.15396825396825398
2014-08-25,0.0
2014-09-01,0.2
2014-09-07,0.021428571428571432
2014-09-08,0.625
2014-09-09,0.0
2014-09-10,0.2857142857142857
2014-09-11,0.0
2014-09-16,0.22500000000000003
2014-09-20,0.3
2014-09-29,0.0
2014-10-02,0.20546875
2014-10-09,-0.20833333333333331
2014-10-11,0.0
2014-10-16,0.0
2014-10-17,0.0
2014-10-18,0.0
2014-10-26,0.0
2014-10-28,-0.155
2014-10-31,0.0
2014-11-04,0.0
2014-11-07,0.0
2014-11-11,0.17261904761904762
2014-11-18,0.25
2014-11-19,-0.012500000000000025
2014-11-21,0.0
2014-11-22,-0.041269841269841276
2014-11-23,-0.0036111111111111114
2014-11-24,0.4
2014-12-08,0.9
2014-12-19,0.04571428571428572
2014-12-20,0.09722222222222222
2014-12-25,0.0
2014-12-26,0.08888888888888889
2014-12-30,0.0
2014-12-31,0.0
2015-01-05,0.0
2015-01-06,0.0
2015-01-10,0.1799348072562358
2015-01-11,-0.033333333333333326
2015-01-12,0.0
2015-01-15,0.012500000000000004
2015-01-16,-0.026302083333333344
2015-01-17,0.0
2015-01-20,0.0
2015-01-23,0.4083333333333333
2015-01-26,-0.134375
2015-01-28,0.01666666666666668
2015-01-29,-0.01587301587301587
2015-01-30,-0.1
2015-02-08,0.0855324074074074
2015-02-10,-0.018
2015-02-11,0.21913461538461537
2015-02-12,0.0
2015-02-24,0.5
2015-02-26,0.165
2015-03-02,0.0
2015-03-07,0.175
2015-03-08,0.13333333333333333
2015-03-11,-0.1
2015-03-12,0.013333333333333341
2015-03-13,0.2119047619047619
2015-03-14,-0.6
2015-03-15,0.06818181818181818
2015-03-16,-0.23125
2015-03-17,0.02777777777777778
2015-03-18,0.18522727272727274
2015-03-21,0.12031746031746034
2015-03-22,0.6000000000000001
2015-03-23,-0.075
2015-03-24,0.05857142857142861
2015-03-30,0.09943181818181818
2015-03-31,0.07878787878787878
2015-04-01,0.6000000000000001
2015-04-04,0.0
2015-04-06,0.25972222222222224
2015-04-09,0.16
2015-04-11,0.16909090909090907
2015-04-12,0.25
2015-04-13,0.005952380952380959
2015-04-14,0.21875
2015-04-15,0.061825396825396825
2015-04-18,-0.028333333333333335
2015-04-19,0.08333333333333333
2015-04-23,0.1590909090909091
2015-04-27,0.3999999999999999
2015-04-29,0.35
2015-04-30,0.5666666666666667
2015-05-01,0.22499999999999998
2015-05-02,0.0
2015-05-03,0.16666666666666666
2015-05-04,0.325
2015-05-05,-0.15555555555555556
2015-05-06,0.12222222222222223
2015-05-12,0.14791666666666667
2015-05-19,0.175
2015-05-22,0.22777777777777777
2015-05-27,0.0
2015-06-01,0.275
2015-06-12,0.26666666666666666
2015-06-15,0.028124999999999997
2015-06-19,0.75
2015-06-23,0.325
2015-06-27,0.23452380952380952
2015-06-28,0.3096560846560847
2015-06-29,-0.016666666666666666
2015-07-06,0.0
2015-07-17,0.0
2015-07-18,0.0
2015-07-27,0.0
2015-07-28,0.008333333333333331
2015-07-30,0.3
2015-07-31,0.017142857142857144
2015-08-06,0.0
2015-08-08,0.0
2015-08-16,1.0
2015-08-17,0.0
2015-08-22,0.17700000000000002
2015-09-02,0.1595
2015-09-12,0.024999999999999994
2015-09-13,0.2340909090909091
2015-09-14,0.16979166666666667
2015-09-23,0.2583333333333333
2015-09-25,0.55
2015-09-27,0.2
2015-09-29,0.08409090909090909
2015-09-30,0.16666666666666666
2015-10-02,0.12301587301587302
2015-10-03,0.3333333333333333
2015-10-09,0.13299999999999998
2015-10-10,0.0
2015-10-11,0.080011655011655
2015-10-14,0.0
2015-10-15,0.375
2015-10-17,0.4666666666666666
2015-10-19,0.09999999999999999
2015-10-21,0.16575757575757574
2015-10-22,0.2333333333333333
2015-10-23,0.10348484848484849
2015-10-25,0.12629251700680272
2015-10-26,0.159375
2015-10-27,0.2
2015-10-29,-0.05
2015-10-30,0.55
2015-11-01,0.0
2015-11-02,0.0
2015-11-04,0.0
2015-11-08,0.0
2015-11-20,0.24138888888888888
2015-11-24,0.11321428571428571
2015-12-02,0.0
2015-12-03,0.7
2015-12-04,0.75
2015-12-06,1.0
2015-12-09,0.1
2015-12-10,0.125
2015-12-11,0.0
2015-12-17,0.0
2015-12-18,0.05944444444444444
2015-12-19,0.2208333333333333
2015-12-20,0.475
2015-12-21,0.0
2015-12-22,0.1581542699724518
2016-01-01,0.1
2016-01-02,0.2
2016-01-10,0.0625
2016-01-11,0.050000000000000044
2016-01-12,0.08
2016-01-16,0.45
2016-01-17,0.08455128205128205
2016-01-18,0.1
2016-01-19,0.4
2016-01-20,0.0
2016-01-23,0.5
2016-02-03,-0.016666666666666677
2016-02-05,-0.4
2016-02-10,0.25
2016-02-11,0.2206349206349206
2016-02-16,0.25
2016-02-17,0.0
2016-02-18,0.2963541666666667
2016-02-19,0.19166666666666665
2016-02-20,0.0
2016-02-21,0.33841269841269844
2016-02-23,0.0
2016-02-24,0.049999999999999996
2016-02-27,0.2028472222222222
2016-02-28,0.10583333333333333
2016-02-29,-0.0625
2016-03-01,0.19119047619047622
2016-03-02,0.05000000000000001
2016-03-04,0.0
2016-03-05,0.36291666666666667
2016-03-06,0.254375
2016-03-09,0.02499999999999998
2016-03-18,0.25
2016-03-19,0.1
2016-03-20,0.0
2016-03-29,0.0
2016-03-30,-0.0012500000000000011
2016-03-31,0.11513347763347764
2016-04-01,0.20770833333333333
2016-04-02,0.05671875
2016-04-03,0.10724267399267398
2016-04-04,0.2141025641025641
2016-04-05,0.16666666666666666
2016-04-06,0.09795918367346938
2016-04-07,0.07777777777777778
2016-04-08,0.17500000000000002
2016-04-09,0.046666666666666676
2016-04-10,0.2375
2016-04-11,0.6388888888888888
2016-04-14,0.8
2016-04-17,0.24
2016-04-18,0.25
2016-04-20,0.25476190476190474
2016-04-24,0.3333333333333333
2016-04-27,0.050555555555555555
2016-04-29,0.012499999999999997
2016-04-30,0.06546052631578947
2016-05-01,0.10524691358024692
2016-05-02,0.2875
2016-05-05,0.05
2016-05-06,0.2
2016-05-07,0.22827380952380952
2016-05-10,0.0
2016-05-12,0.17142857142857143
2016-05-14,0.4171875
2016-05-15,0.12349999999999998
2016-05-16,0.07214285714285715
2016-05-17,0.05
2016-05-18,-0.034821428571428586
2016-05-19,0.8
2016-05-22,0.2
2016-05-25,0.325
2016-05-26,0.09999999999999999
2016-05-27,0.3527777777777778
2016-05-28,0.06805555555555556
2016-05-29,0.7
2016-05-30,-0.5
2016-06-01,0.7
2016-06-02,0.18333333333333335
2016-06-03,0.19725378787878786
2016-06-04,0.06774691358024693
2016-06-05,0.36125
2016-06-06,0.0
2016-06-07,0.125
2016-06-08,0.0
2016-06-09,0.0
2016-06-10,0.2214285714285714
2016-06-11,0.19999999999999998
2016-06-12,0.11736111111111112
2016-06-15,0.2112121212121212
2016-06-17,0.15433333333333335
2016-06-19,-0.008571428571428572
2016-06-20,0.65
2016-06-22,0.0
2016-06-27,0.3458333333333334
2016-06-28,0.475
2016-06-29,0.15
2016-06-30,-0.5166666666666667
2016-07-05,-0.155
2016-07-06,0.08796296296296297
2016-07-08,0.3305555555555555
2016-07-09,0.08506944444444446
2016-07-10,0.09563492063492064
2016-07-12,0.21875
2016-07-13,0.2857142857142857
2016-07-14,0.1375
2016-07-15,0.10588235294117647
2016-07-16,0.2681122448979592
2016-07-17,0.26818027210884354
2016-07-18,0.16527777777777775
2016-07-19,0.03333333333333333
2016-07-20,0.0370720188902007
2016-07-21,0.135
2016-07-22,0.0
2016-07-23,0.016666666666666666
2016-07-25,0.0
2016-07-26,-0.0375
2016-07-27,0.6166666666666667
2016-07-28,0.7
2016-07-29,0.10575757575757576
2016-07-30,0.2833333333333333
2016-07-31,0.0
2016-08-01,0.0
2016-08-07,0.0
2016-08-09,0.18353174603174602
2016-08-10,0.0
2016-08-11,0.27499999999999997
2016-08-14,0.0
2016-08-15,0.0
2016-08-22,0.0
2016-08-23,0.0
2016-08-28,0.10000000000000002
2016-08-30,0.115
2016-08-31,0.2017857142857143
2016-09-01,0.09583333333333333
2016-09-09,0.0582175925925926
2016-09-10,-0.5
2016-09-13,0.15324675324675324
2016-09-16,0.14375
2016-09-17,0.31501924001924003
2016-09-18,0.0
2016-09-19,0.25
2016-09-21,0.16565825667388168
2016-09-22,0.12727272727272726
2016-09-23,0.7
2016-09-26,0.06180555555555556
2016-09-27,0.1914141414141414
2016-09-28,0.08973922902494331
2016-10-01,0.0
2016-10-02,0.4178571428571428
2016-10-04,0.175
2016-10-05,0.13333333333333333
2016-10-06,0.2493827160493827
2016-10-07,0.04555555555555556
2016-10-09,0.17500000000000002
2016-10-10,0.2066666666666667
2016-10-13,-0.5
2016-10-16,0.13333333333333333
2016-10-18,0.25
2016-10-19,-0.02550505050505051
2016-10-20,0.054826038159371496
2016-10-22,0.0
2016-10-23,0.016666666666666673
2016-10-24,0.8
2016-10-26,0.16666666666666666
2016-10-27,0.013510101010101007
2016-10-29,0.10488215488215487
2016-11-02,0.0
2016-11-03,0.2847222222222222
2016-11-04,0.14513299851190475
2016-11-05,0.19338624338624338
2016-11-06,0.0
2016-11-07,0.5
2016-11-15,0.625
2016-11-16,0.017205788039121376
2016-11-17,0.24285714285714285
2016-11-18,0.0
2016-11-19,0.14699074074074076
2016-11-22,0.05277777777777778
2016-11-23,-0.15
2016-11-27,0.0
2016-12-01,0.0
2016-12-07,-0.21666666666666667
2016-12-08,0.0
2016-12-09,0.0
2016-12-11,0.3892857142857143
2016-12-17,-0.4375
2016-12-18,0.05
2016-12-21,0.0
2016-12-22,-0.03333333333333333
2016-12-23,0.13400974025974025
2016-12-24,0.042636684303350963
2016-12-30,-0.03333333333333333
2016-12-31,-0.08
2017-01-05,0.0
2017-01-06,0.0
2017-01-07,0.2
2017-01-08,0.2313131313131313
2017-01-10,0.2
2017-01-11,0.10166666666666668
2017-01-12,0.15898736037624928
2017-01-14,0.35
2017-01-15,0.0
2017-01-16,0.41111111111111115
2017-01-18,0.0
2017-01-19,0.06977272727272726
2017-01-21,0.018055555555555554
2017-01-22,-0.04158549783549784
2017-01-23,-0.0625
2017-01-24,0.255952380952381
2017-01-25,0.06904761904761905
2017-01-27,0.16542508417508417
2017-01-28,-0.03833333333333333
2017-01-29,0.2120748299319728
2017-01-30,0.20476190476190476
2017-01-31,0.0
2017-02-02,0.0
2017-02-03,0.0
2017-02-04,0.1611468253968254
2017-02-05,0.15003146216260968
2017-02-07,0.014285714285714289
2017-02-08,0.01
2017-02-09,0.0
2017-02-10,-0.009999999999999998
2017-02-11,0.3
2017-02-15,0.6025
2017-02-16,0.4550099206349206
2017-02-17,0.11083333333333334
2017-02-18,0.10428949357520786
2017-02-19,0.0
2017-02-23,1.0
2017-02-24,0.2832312925170068
2017-02-25,0.2
2017-02-27,0.325
2017-02-28,0.15625
2017-03-02,0.75
2017-03-06,0.05
2017-03-10,0.028888888888888898
2017-03-11,0.4119047619047619
2017-03-12,0.2852674963924964
2017-03-13,0.5
2017-03-14,-0.18000000000000002
2017-03-16,0.4
2017-03-22,0.0
2017-03-23,0.0
2017-03-24,0.06195220344029868
2017-03-28,-0.004545454545454548
2017-03-29,-0.1
2017-03-30,0.3333333333333333
2017-03-31,0.15383470695970697
2017-04-01,-0.1190625
2017-04-02,0.13125
2017-04-03,-0.05
2017-04-05,0.0
2017-04-07,0.016666666666666666
2017-04-12,0.21250000000000002
2017-04-13,0.07500000000000001
2017-04-17,0.15
2017-04-18,-0.25
2017-04-23,0.08125
2017-04-24,0.18125000000000002
2017-04-27,0.16666666666666666
2017-04-28,-0.175
2017-05-01,-0.08703703703703704
2017-05-04,0.85
2017-05-05,0.13333333333333333
2017-05-07,0.39999999999999997
2017-05-09,0.44999999999999996
2017-05-10,0.19690476190476192
2017-05-11,-0.010000000000000009
2017-05-12,-0.06477272727272727
2017-05-13,0.0
2017-05-14,-0.00625
2017-05-16,0.0
2017-05-17,-0.027314814814814816
2017-05-19,0.05625000000000001
2017-05-21,0.0
2017-05-22,0.14441196527486852
2017-05-23,0.2125
2017-05-24,0.14534030784030783
2017-05-25,0.04
2017-05-26,0.0
2017-05-27,0.15625
2017-05-29,0.05
2017-05-31,0.21395833333333333
2017-06-01,0.1654761904761905
2017-06-02,0.6
2017-06-03,0.125
2017-06-04,0.35733333333333334
2017-06-05,0.19985897435897437
2017-06-06,0.026495726495726495
2017-06-07,0.17462121212121212
2017-06-08,0.13701790633608815
2017-06-09,0.10255699855699855
2017-06-10,0.09444444444444444
2017-06-11,0.05757575757575758
2017-06-13,0.15479591836734694
2017-06-14,0.0
2017-06-16,0.19166666666666665
2017-06-17,0.065625
2017-06-18,-0.005634920634920631
2017-06-19,0.0
2017-06-20,0.085
2017-06-21,0.11517857142857142
2017-06-22,0.05462962962962962
2017-06-23,0.10100308641975309
2017-06-24,0.0
2017-06-25,0.08990296740296741
2017-06-26,0.235
2017-06-28,-0.075
2017-06-29,0.10943204365079365
2017-06-30,0.09047619047619049
2017-07-02,0.3670634920634921
2017-07-03,0.14492424242424243
2017-07-04,0.1669642857142857
2017-07-05,0.35
2017-07-06,0.1625
2017-07-07,0.0
2017-07-08,0.0
2017-07-09,0.09520833333333334
2017-07-11,0.2512231040564374
2017-07-12,0.135
2017-07-13,0.10238095238095238
2017-07-14,0.09057409147869673
2017-07-15,0.19166666666666665
2017-07-17,-0.08704166666666667
2017-07-19,0.25
2017-07-20,0.015019841269841275
2017-07-21,0.2
2017-07-22,0.0
2017-07-25,0.03183421516754851
2017-07-26,-0.6
2017-07-27,0.0
2017-07-28,-0.0020952380952380984
2017-07-29,0.21979166666666666
2017-07-30,0.1027777777777778
2017-07-31,0.19666666666666668
2017-08-01,0.5
2017-08-02,0.325
2017-08-03,0.0
2017-08-04,0.0
2017-08-05,0.025655691964285715
2017-08-06,-0.025
2017-08-10,0.015625
2017-08-11,0.2039351851851852
2017-08-12,0.30727272727272725
2017-08-13,0.024999999999999994
2017-08-14,0.03547278911564625
2017-08-18,-0.019999999999999997
2017-08-19,0.07818181818181817
2017-08-20,0.0688095238095238
2017-08-21,0.28125
2017-08-22,0.2
2017-08-23,0.10698051948051947
2017-08-25,0.029894179894179893
2017-08-26,-0.14375
2017-08-27,0.08084415584415584
2017-08-28,-0.011496527777777779
2017-08-29,0.14642857142857144
2017-08-30,0.010714285714285713
2017-08-31,0.07187499999999998
2017-09-04,0.05804232804232804
2017-09-08,0.0
2017-09-12,0.125
2017-09-13,0.033333333333333326
2017-09-14,0.12944444444444445
2017-09-15,0.5
2017-09-16,-0.004166666666666666
2017-09-19,0.2875
2017-09-20,0.325
2017-09-24,0.25
2017-09-25,0.17250000000000001
2017-09-26,0.3333333333333333
2017-09-27,0.05367965367965369
2017-09-28,0.24285714285714288
2017-09-29,0.052976190476190475
2017-10-02,0.21428571428571427
2017-10-04,0.0
2017-10-05,0.3220454545454545
2017-10-06,0.04956837907576824
2017-10-07,0.25
2017-10-08,-0.01003401360544218
2017-10-09,0.0
2017-10-11,-0.19599999999999998
2017-10-12,0.16041666666666668
2017-10-14,-0.041666666666666664
2017-10-15,1.0
2017-10-16,0.30000000000000004
2017-10-18,-0.16666666666666666
2017-10-19,-0.057692307692307696
2017-10-20,0.18125000000000002
2017-10-21,0.3125
2017-10-24,0.075
2017-10-26,-0.318452380952381
2017-10-28,-0.4583333333333333
2017-11-07,-0.16666666666666666
2017-11-08,0.0
2017-11-09,-0.13333333333333333
2017-11-10,0.5
2017-11-12,0.045075757575757575
2017-11-13,0.01785714285714285
2017-11-15,-0.03898809523809524
2017-11-17,-0.05
2017-11-19,0.18174603174603177
2017-11-20,0.7
2017-11-21,0.016666666666666663
2017-11-23,-0.18229166666666669
2017-11-24,0.0
2017-11-25,0.5
2017-11-26,0.14027777777777775
2017-11-27,0.05
2017-11-28,-0.0010416666666666686
2017-11-30,-0.07202380952380952
2017-12-02,0.0930357142857143
2017-12-03,-0.17651098901098902
2017-12-07,0.0
2017-12-08,0.0
2017-12-11,-0.26875
2017-12-12,0.0
2017-12-13,-0.32257575757575757
2017-12-14,0.014583333333333337
2017-12-15,-0.4445833333333334
2017-12-16,0.0
2017-12-17,-0.0013888888888888978
2017-12-19,0.25
2017-12-20,0.005357142857142854
2017-12-21,0.06471850198412699
2017-12-23,-0.08190836940836942
2017-12-24,0.17857142857142858
2017-12-25,-0.024999999999999994
2017-12-26,0.1835159632034632
2017-12-27,0.2
2018-01-03,0.2541666666666667
2018-01-05,-0.1
2018-01-07,0.47954545454545455
2018-01-08,-0.05
2018-01-09,0.19999999999999998
2018-01-12,0.16249999999999998
2018-01-13,0.44375
2018-01-15,0.14464285714285716
2018-01-18,0.0
2018-01-24,0.24999999999999997
2018-01-27,0.12083333333333333
2018-01-28,0.1113888888888889
2018-01-29,0.13784722222222223
2018-01-30,0.0
2018-01-31,0.10276190476190476
2018-02-01,-0.049999999999999996
2018-02-02,0.01666666666666667
2018-02-03,0.0
2018-02-04,-0.105
2018-02-05,-0.044444444444444446
2018-02-06,0.01713286713286713
2018-02-07,0.22999999999999998
2018-02-11,0.13333333333333333
2018-02-12,0.07279761904761906
2018-02-16,-0.13333333333333333
2018-02-17,0.06818181818181818
2018-02-18,0.5
2018-02-20,-0.1875
2018-02-21,-0.07533333333333334
2018-02-22,0.08457773707773707
2018-02-24,0.17857142857142858
2018-02-25,-0.125
2018-02-27,0.07244949494949494
2018-02-28,0.0
2018-03-03,-0.26666666666666666
2018-03-04,0.31833333333333336
2018-03-05,0.0
2018-03-06,0.13541666666666666
2018-03-07,0.10250000000000001
2018-03-08,0.12046875000000001
2018-03-09,0.010595238095238095
2018-03-10,-0.125
2018-03-11,-0.22013888888888888
2018-03-12,1.0
2018-03-14,0.13939393939393938
2018-03-15,-0.041666666666666664
2018-03-18,0.25
2018-03-19,0.0
2018-03-20,-0.010606060606060619
2018-03-21,-0.16666666666666666
2018-03-22,0.12486225895316805
2018-03-23,0.006109848484848482
2018-03-24,-0.09614197530864198
2018-03-25,0.0
2018-03-26,0.0013291396103896121
2018-03-27,0.016666666666666666
2018-03-28,0.15625
2018-03-30,0.011187469937469932
2018-03-31,0.5
2018-04-01,0.1941528379028379
2018-04-02,0.14846119929453264
2018-04-04,-0.0037037037037037277
2018-04-05,0.25
2018-04-06,0.11431818181818182
2018-04-07,0.5
2018-04-08,0.010185185185185188
2018-04-09,0.35555555555555557
2018-04-10,0.155
2018-04-11,-0.03333333333333333
2018-04-12,0.425
2018-04-13,0.13240079365079366
2018-04-15,0.01428571428571429
2018-04-16,-0.03333333333333333
2018-04-17,0.05069444444444445
2018-04-18,0.5707070707070707
2018-04-23,-0.25
2018-04-25,0.2
2018-04-26,0.0
2018-04-27,-0.0909090909090909
2018-04-28,0.25
2018-04-30,0.0
2018-05-01,0.5
2018-05-02,0.008333333333333333
2018-05-03,0.65
2018-05-04,0.10195484254307784
2018-05-05,0.059040404040404046
2018-05-06,0.4571428571428572
2018-05-07,-0.125
2018-05-08,0.16666666666666666
2018-05-09,0.027728174603174602
2018-05-10,0.022142857142857138
2018-05-11,0.04296604938271605
2018-05-12,0.21250000000000002
2018-05-13,0.25555555555555554
2018-05-14,0.17751587301587302
2018-05-16,-0.5166666666666667
2018-05-17,0.23333333333333336
2018-05-18,-0.06622023809523811
2018-05-19,0.15000000000000005
2018-05-20,0.16474592151675485
2018-05-21,0.1407898178210678
2018-05-22,0.18185780423280423
2018-05-23,0.10597278911564625
2018-05-24,0.169060960591133
2018-05-25,-0.027626262626262627
2018-05-26,0.10911497493734335
2018-05-27,0.030436507936507935
2018-05-28,0.3209090909090909
2018-05-29,0.18121825396825397
2018-05-30,0.18147756410256408
2018-05-31,0.09791666666666667
2018-06-01,0.26816666666666666
2018-06-02,0.04625396825396825
2018-06-03,0.10915404040404042
2018-06-04,-0.009375000000000008
2018-06-05,0.35
2018-06-06,0.05
2018-06-07,0.07154761904761905
2018-06-08,0.08556547619047618
2018-06-09,0.03357239057239057
2018-06-10,0.14480269961519962
2018-06-11,0.041666666666666664
2018-06-12,-0.04198232323232323
2018-06-13,-0.09212962962962962
2018-06-14,0.0
2018-06-15,-0.0018379281537176267
2018-06-16,0.13774413165748392
2018-06-17,0.10451953205524635
2018-06-18,0.021874999999999978
2018-06-19,0.1204143846473392
2018-06-20,0.05163095238095238
2018-06-21,0.0
2018-06-22,0.16078125
2018-06-23,0.03289473684210526
2018-06-24,0.015625
2018-06-25,0.11164941077441078
2018-06-26,-0.030227272727272728
2018-06-27,0.21334674122174124
2018-06-28,0.21022727272727273
2018-06-29,0.09682539682539681
2018-06-30,0.0
2018-07-01,0.0
2018-07-02,0.3
2018-07-03,0.0
2018-07-04,0.24900000000000003
2018-07-05,0.1486792754736303
2018-07-06,0.12196106150793651
2018-07-07,0.07233796296296297
2018-07-08,0.08307060755336618
2018-07-09,0.1025
2018-07-10,0.1596230158730159
2018-07-11,0.1796660052910053
2018-07-12,0.3066842105263158
2018-07-13,0.273015873015873
2018-07-14,0.15851934523809524
2018-07-15,0.0625
2018-07-17,0.7
2018-07-18,0.027083333333333334
2018-07-19,-0.09444444444444444
2018-07-20,0.07181818181818181
2018-07-21,0.2135964912280702
2018-07-22,0.25
2018-07-23,0.13027147896195515
2018-07-24,1.0
2018-07-25,0.06409090909090909
2018-07-26,0.38958333333333334
2018-07-27,0.06666666666666667
2018-07-28,0.21250000000000002
2018-07-29,0.03333333333333333
2018-07-30,0.06369248035914704
2018-07-31,0.13013392857142855
2018-08-01,0.07051169590643275
2018-08-02,0.0
2018-08-04,0.175
2018-08-05,0.1480239898989899
2018-08-06,0.34761904761904766
2018-08-07,0.09826388888888889
2018-08-08,0.024999999999999994
2018-08-10,0.4850378787878788
2018-08-11,0.13094588744588745
2018-08-12,0.21428571428571427
2018-08-13,0.44375000000000003
2018-08-14,0.0359375
2018-08-16,0.1472767857142857
2018-08-18,0.6638888888888889
2018-08-19,0.0
2018-08-21,0.0
2018-08-22,0.13774305555555555
2018-08-23,0.337037037037037
2018-08-24,0.1310185185185185
2018-08-25,0.003415750915750908
2018-08-26,0.35833333333333334
2018-08-27,0.0
2018-08-28,0.15333333333333332
2018-08-29,0.0
2018-08-30,0.0
2018-08-31,0.2560966810966811
2018-09-03,0.525
2018-09-05,0.09196428571428572
2018-09-06,0.0
2018-09-07,0.16428571428571428
2018-09-08,0.026255411255411244
2018-09-11,0.3430059523809524
2018-09-12,0.2880952380952381
2018-09-13,-0.019999999999999997
2018-09-14,0.082010582010582
2018-09-15,0.375
2018-09-16,0.08944444444444444
2018-09-17,0.1902777777777778
2018-09-18,0.1391454991087344
2018-09-19,0.15694444444444444
2018-09-20,0.1706993495450128
2018-09-21,-0.5333333333333333
2018-09-22,0.1813852813852814
2018-09-24,0.11875
2018-09-25,0.02916666666666667
2018-09-26,0.20833333333333334
2018-09-28,0.12799999999999997
2018-09-29,0.05833333333333334
2018-10-01,-0.15000000000000002
2018-10-02,-0.12764550264550267
2018-10-04,0.22884615384615387
2018-10-05,0.0347594246031746
2018-10-06,-0.04791666666666666
2018-10-07,0.2777777777777778
2018-10-08,0.11333333333333333
2018-10-09,0.2646962932900433
2018-10-10,-0.10000000000000002
2018-10-11,-0.0010416666666666907
2018-10-12,0.15355902777777777
2018-10-13,0.445
2018-10-14,0.225
2018-10-15,0.1748313492063492
2018-10-16,0.1343769325912183
2018-10-17,0.062018784786641926
2018-10-18,0.13151936026936029
2018-10-19,0.2017857142857143
2018-10-20,0.0009259259259259226
2018-10-21,0.12142857142857143
2018-10-22,0.1699074074074074
2018-10-23,0.08381172839506174
2018-10-25,0.08375
2018-10-26,0.1412309368191721
2018-10-27,0.1675485008818342
2018-10-29,0.24074074074074073
2018-10-31,0.12055555555555557
2018-11-01,0.060447330447330444
2018-11-02,0.10188461538461538
2018-11-03,0.20709325396825395
2018-11-06,0.215
2018-11-07,0.006071428571428584
2018-11-08,0.53
2018-11-09,0.3208333333333333
2018-11-10,0.12773526077097505
2018-11-11,-0.04166666666666666
2018-11-12,0.375
2018-11-14,0.234375
2018-11-15,0.004762700534759355
2018-11-16,0.22333333333333336
2018-11-17,-0.0016690340909090828
2018-11-19,0.13885515873015875
2018-11-20,0.02111111111111111
2018-11-21,0.4
2018-11-22,0.0
2018-11-23,0.0
2018-11-25,0.0
2018-11-26,0.15594185906685903
2018-11-27,0.175
2018-11-28,0.109375
2018-11-29,-0.026762820512820515
2018-11-30,0.1
2018-12-01,0.1916421568627451
2018-12-02,-0.09114583333333334
2018-12-03,-0.039988425925925934
2018-12-04,0.0
2018-12-05,0.0008163265306122531
2018-12-07,0.02500000000000001
2018-12-08,0.04776785714285715
2018-12-09,0.15203835227272727
2018-12-11,0.15746031746031747
2018-12-12,0.0
2018-12-13,0.375
2018-12-14,0.05
2018-12-15,0.07263888888888888
2018-12-16,0.15714285714285714
2018-12-17,0.0
2018-12-18,0.08519886363636364
2018-12-19,0.139067932728647
2018-12-20,0.13645833333333335
2018-12-21,0.028571428571428574
2018-12-22,0.07033819093714927
2018-12-23,0.11016414141414142
2018-12-24,0.06385912698412699
2018-12-25,0.15694444444444447
2018-12-26,0.07995192307692307
2018-12-27,0.16582167832167832
2018-12-28,0.484375
2018-12-30,0.10416666666666667
2018-12-31,0.41931818181818176
2019-01-01,0.1625
2019-01-03,0.1013888888888889
2019-01-04,0.031313131313131314
2019-01-05,0.14738562091503268
2019-01-06,-0.017803030303030307
2019-01-07,0.3566666666666667
2019-01-08,0.0
2019-01-09,0.043520923520923516
2019-01-10,0.13666666666666666
2019-01-11,0.12916666666666668
2019-01-12,0.5
2019-01-13,0.0
2019-01-14,0.425
2019-01-15,0.5
2019-01-16,0.181
2019-01-17,0.13622448979591836
2019-01-18,0.5375
2019-01-19,0.0006944444444444454
2019-01-21,-0.027575757575757576
2019-01-22,0.14357142857142854
2019-01-23,0.021750000000000005
2019-01-25,0.22377450980392158
2019-01-26,0.4
2019-01-27,0.22898809523809524
2019-01-28,0.155
2019-01-29,0.275
2019-01-30,0.02698412698412699
2019-01-31,0.3062510521885522
2019-02-01,0.0935607769423559
2019-02-02,0.07777777777777778
2019-02-03,0.016883116883116882
2019-02-04,0.1101190476190476
2019-02-05,0.25
2019-02-06,0.0619345238095238
2019-02-07,0.11333333333333334
2019-02-08,0.11733333333333333
2019-02-09,0.07589285714285714
2019-02-10,0.25
2019-02-11,0.09110898526077098
2019-02-12,0.0
2019-02-13,0.17154761904761903
2019-02-14,0.19370370370370368
2019-02-15,0.25
2019-02-16,0.0
2019-02-17,0.19642857142857142
2019-02-18,-0.05
2019-02-19,0.0
2019-02-20,-0.0125
2019-02-21,0.12891369047619047
2019-02-22,0.10199855699855699
2019-02-23,0.0
2019-02-25,0.06666666666666667
2019-02-26,0.2286075036075036
2019-02-27,0.03636363636363637
2019-02-28,0.0975
2019-03-01,0.16846681096681096
2019-03-02,0.16676349965823647
2019-03-03,0.11211444805194805
2019-03-04,-0.08333333333333333
2019-03-05,0.15625
2019-03-06,0.10416666666666667
2019-03-07,0.30117282519068234
2019-03-08,0.13580246913580246
2019-03-09,0.11660052910052911
2019-03-11,0.14999999999999997
2019-03-12,0.020216049382716053
2019-03-13,0.0
2019-03-14,0.03877551020408163
2019-03-15,0.08035714285714286
2019-03-16,0.051215277777777776
2019-03-17,0.1022321713374345
2019-03-20,0.0
2019-03-21,0.20625
2019-03-22,0.34451790633608814
2019-03-24,0.07777777777777778
2019-03-25,0.3333333333333333
2019-03-26,0.18656861471861472
2019-03-27,0.2222222222222222
2019-03-28,0.2
2019-03-29,0.31892091836734693
2019-03-30,-0.0016560846560846572
2019-03-31,-0.09000000000000001
2019-04-01,0.10200892857142857
2019-04-02,-0.025
2019-04-03,0.09108854166666666
2019-04-04,0.18125000000000002
2019-04-05,0.2322186147186147
2019-04-06,0.11041666666666668
2019-04-07,0.23888888888888887
2019-04-08,0.049999999999999996
2019-04-09,0.24333333333333335
2019-04-10,0.14317171717171717
2019-04-11,0.3075
2019-04-12,0.09082491582491582
2019-04-13,0.10852272727272727
2019-04-14,0.04301154401154401
2019-04-15,0.14629629629629629
2019-04-16,0.19285714285714287
2019-04-17,0.44999999999999996
2019-04-18,0.0
2019-04-19,0.12008167613636364
2019-04-20,-0.020833333333333332
2019-04-21,-0.1140625
2019-04-22,0.4625
2019-04-23,0.0727308064564162
2019-04-24,0.10149147727272727
2019-04-25,0.06655844155844155
2019-04-26,0.04826388888888889
2019-04-27,0.029017857142857144
2019-04-28,0.16499999999999998
2019-04-29,0.06437937062937063
2019-04-30,0.049999999999999996
2019-05-01,0.09999999999999998
2019-05-03,0.15
2019-05-04,0.21369047619047618
2019-05-05,0.08212121212121212
2019-05-06,0.03162202380952381
2019-05-07,0.06694214876033058
2019-05-08,0.18095238095238095
2019-05-09,0.0911764705882353
2019-05-10,0.09000000000000001
2019-05-11,0.08333333333333333
2019-05-12,0.30708874458874463
2019-05-13,0.05
2019-05-14,0.1125
2019-05-15,0.07142857142857142
2019-05-16,0.17760416666666667
2019-05-17,0.04769570707070706
2019-05-18,0.19444444444444445
2019-05-19,0.16458333333333333
2019-05-21,0.24652777777777776
2019-05-22,0.02666666666666667
2019-05-23,-0.009221938775510205
2019-05-24,0.1643323630392596
2019-05-25,0.20367484367484365
2019-05-26,0.7
2019-05-27,0.156439594356261
2019-05-28,0.425
2019-05-29,-0.05795454545454545
2019-05-30,0.17098765432098764
2019-05-31,0.02974025974025974
2019-06-01,-0.0003333333333333327
2019-06-02,0.25
2019-06-03,0.0
2019-06-04,0.09166666666666667
2019-06-05,0.5
2019-06-07,-0.2
2019-06-09,0.0
2019-06-10,0.09654166666666666
2019-06-11,-0.011111111111111112
2019-06-12,0.05208333333333334
2019-06-13,0.1765625
2019-06-14,-0.018750000000000006
2019-06-15,0.19110449735449736
2019-06-16,0.22199999999999998
2019-06-17,0.008928571428571428
2019-06-18,-0.04
2019-06-19,0.07333333333333333
2019-06-20,0.06956018518518518
2019-06-21,0.15633680555555557
2019-06-22,0.0
2019-06-23,0.004797979797979798
2019-06-24,0.06020135214579659
2019-06-25,0.1303939393939394
2019-06-26,0.10245614035087719
2019-06-27,0.060416666666666674
2019-06-28,0.17797619047619048
2019-06-29,0.14241071428571428
2019-06-30,0.17722222222222223
2019-07-01,0.2333333333333333
2019-07-02,0.27414772727272724
2019-07-03,0.2255555555555556
2019-07-04,0.0
2019-07-06,0.020512820512820513
2019-07-07,0.049999999999999996
2019-07-08,0.13755839002267573
2019-07-09,0.0754265873015873
2019-07-10,0.3666666666666667
2019-07-11,0.4375
2019-07-12,0.1502579365079365
2019-07-13,0.02998098544973545
2019-07-14,0.0
2019-07-15,0.0
2019-07-16,0.12800757575757576
2019-07-17,0.12715617715617716
2019-07-18,0.16182859848484848
2019-07-19,0.18
2019-07-20,-0.008333333333333331
2019-07-21,0.07361111111111111
2019-07-22,0.022170344751866494
2019-07-23,0.3625
2019-07-24,0.03333333333333333
2019-07-25,0.031851851851851846
2019-07-26,0.1005952380952381
2019-07-27,0.13341411564625852
2019-07-28,0.12051020408163265
2019-07-29,0.4
2019-07-30,0.0
2019-07-31,0.11000000000000001
2019-08-01,-0.004666666666666669
2019-08-02,0.725
2019-08-03,-0.25
2019-08-04,0.14931640625
2019-08-05,0.09999999999999999
2019-08-06,0.23854875283446714
2019-08-07,0.1625
2019-08-08,0.2361111111111111
2019-08-09,0.17075617283950617
2019-08-10,0.10111111111111111
2019-08-11,0.1370535714285714
2019-08-13,-0.1
2019-08-14,0.175
2019-08-15,0.03871794871794872
2019-08-16,0.03888888888888889
2019-08-17,-0.07528344671201814
2019-08-18,0.02017741323004481
2019-08-19,0.16666666666666666
2019-08-20,0.15553199404761905
2019-08-21,0.07500000000000001
2019-08-23,0.5
2019-08-24,0.10492063492063491
2019-08-25,0.0
2019-08-26,0.07361111111111111
2019-08-27,0.07692307692307693
2019-08-28,0.08925
2019-08-29,0.15833333333333333
2019-08-30,0.2714285714285714
2019-09-03,0.04677579365079366
2019-09-04,0.19467857142857142
2019-09-05,0.025694444444444447
2019-09-06,0.09285714285714287
2019-09-07,0.14536749482401656
2019-09-08,0.14285714285714285
2019-09-09,0.11549242424242424
2019-09-10,0.22100714285714287
2019-09-11,0.10909090909090909
2019-09-12,0.13848039215686272
2019-09-13,0.1506628787878788
2019-09-14,0.23676190476190476
2019-09-15,0.2
2019-09-16,0.24547619047619046
2019-09-17,0.14390782828282828
2019-09-18,0.09496753246753248
2019-09-19,0.20600000000000002
2019-09-20,0.07333333333333335
2019-09-21,0.07222222222222222
2019-09-22,0.06651048026048026
2019-09-23,0.09027777777777778
2019-09-24,0.2014883290577735
2019-09-25,0.0625
2019-09-26,0.1440492724867725
2019-09-27,0.02338359788359788
2019-09-28,0.24214285714285716
2019-09-29,0.0
2019-09-30,0.6
2019-10-01,0.172093837535014
2019-10-02,0.028199404761904773
2019-10-03,0.35868055555555556
2019-10-04,0.23958333333333334
2019-10-05,0.18
2019-10-06,0.2583333333333333
2019-10-07,0.025000000000000005
2019-10-08,0.22083333333333335
2019-10-09,0.010416666666666666
2019-10-10,0.22698412698412698
2019-10-11,0.35714285714285715
2019-10-12,0.18190882874889083
2019-10-13,0.2863636363636364
2019-10-14,0.11746141975308642
2019-10-15,0.21783910533910536
2019-10-16,0.25833333333333336
2019-10-17,-0.08166666666666667
2019-10-21,0.20210437710437712
2019-10-22,0.13333333333333336
2019-10-23,0.2450189393939394
2019-10-24,0.08333431719795356
2019-10-25,0.04604166666666667
2019-10-26,0.13125
2019-10-27,0.22731481481481483
2019-10-28,0.0907293523469994
2019-10-29,0.5
2019-10-30,0.16477248677248676
2019-10-31,-0.125
2019-11-01,0.5
2019-11-04,0.3307291666666667
2019-11-05,0.21761172161172163
2019-11-06,0.06388888888888888
2019-11-07,0.10252525252525252
2019-11-08,0.03160493827160494
2019-11-09,-0.2944444444444444
2019-11-10,0.1125
2019-11-11,0.0
2019-11-12,0.0
2019-11-13,0.32386363636363635
2019-11-14,0.07698412698412699
2019-11-15,0.2785714285714285
2019-11-16,0.00416666666666667
2019-11-18,-0.11333333333333333
2019-11-19,0.27936507936507937
2019-11-20,-0.05555555555555555
2019-11-21,0.17857142857142858
2019-11-22,0.17392857142857143
2019-11-23,0.11291208791208793
2019-11-24,0.1825479985382583
2019-11-25,-0.15
2019-11-26,0.47500000000000003
2019-11-27,0.03591269841269842
2019-11-29,0.0
2019-12-01,-0.09583333333333333
2019-12-02,0.1
2019-12-03,-0.01190476190476191
2019-12-04,0.0
2019-12-07,0.3079594017094017
2019-12-08,0.03125
2019-12-09,0.625
2019-12-10,0.13
2019-12-11,0.0
2019-12-12,0.0855701754385965
2019-12-13,0.32
2019-12-14,0.27
2019-12-17,0.325
2019-12-18,0.12035714285714287
2019-12-19,0.059895833333333336
2019-12-20,0.029722222222222216
2019-12-21,0.22999999999999998
2019-12-22,-0.019539682539682537
2019-12-23,0.16
2019-12-24,0.10024565381708239
2019-12-26,0.17968887085137086
2019-12-27,-0.43333333333333335
2019-12-28,0.031121553884711776
2019-12-29,0.1257464714105339
2019-12-30,0.1732828129317491
2019-12-31,-0.03750000000000001
2020-01-01,0.18333333333333335
2020-01-04,0.27499999999999997
2020-01-05,0.425
2020-01-06,0.0
2020-01-07,0.10208333333333333
2020-01-08,0.23437500000000003
2020-01-09,0.1
2020-01-10,0.1802777777777778
2020-01-11,-0.06527777777777778
2020-01-12,0.26968749999999997
2020-01-13,0.172
2020-01-14,0.17750108225108224
2020-01-15,0.23253968253968257
2020-01-16,-0.00820105820105819
2020-01-17,0.10028571428571428
2020-01-18,0.0
2020-01-19,0.17666666666666667
2020-01-20,0.4583333333333333
2020-01-21,0.15863095238095237
2020-01-22,0.02954545454545454
2020-01-23,0.12142857142857143
2020-01-24,0.05
2020-01-25,0.13761478420569329
2020-01-26,0.20625
2020-01-27,-0.025000000000000005
2020-01-28,0.006666666666666666
2020-01-29,0.015000000000000008
2020-01-30,0.0
2020-01-31,0.08174019607843137
2020-02-01,0.10914502164502163
2020-02-02,0.08813492063492065
2020-02-03,0.05036574074074074
2020-02-04,0.27589285714285716
2020-02-05,0.05218750000000001
2020-02-06,0.12506060606060607
2020-02-07,0.2676587301587302
2020-02-08,0.10151515151515152
2020-02-09,0.19773333333333334
2020-02-10,0.13326023843880988
2020-02-12,0.1178125
2020-02-13,-0.08
2020-02-14,0.035590277777777776
2020-02-15,0.04990253411306043
2020-02-16,0.027777777777777776
2020-02-17,0.1480952380952381
2020-02-18,0.07666666666666666
2020-02-19,0.11819444444444445
2020-02-20,0.08559056712962962
2020-02-21,-0.00541666666666666
2020-02-22,0.21944444444444441
2020-02-25,0.1386904761904762
2020-02-26,0.19753779289493575
2020-02-27,0.05
2020-02-28,0.029166666666666667
2020-03-02,-0.04833333333333333
2020-03-03,0.16558333333333333
2020-03-04,0.1302020202020202
2020-03-05,0.13636363636363635
2020-03-06,-0.375
2020-03-07,0.06319444444444446
2020-03-08,0.1289608134920635
2020-03-09,0.030833333333333334
2020-03-10,0.16226851851851853
2020-03-11,0.10625
2020-03-12,-0.18333333333333326
2020-03-14,0.11363636363636363
2020-03-15,0.0
2020-03-16,0.0137962962962963
2020-03-17,0.22658730158730156
2020-03-18,0.14168269230769232
2020-03-19,0.10660419126328216
2020-03-20,0.11855158730158731
2020-03-21,0.1900089859635314
2020-03-22,0.017423941798941796
2020-03-23,0.243359375
2020-03-24,0.16133257747543464
2020-03-25,0.10555555555555554
2020-03-26,0.05555555555555555
2020-03-27,0.2727272727272727
2020-03-28,0.3958333333333333
2020-03-30,0.05555555555555555
2020-03-31,0.09623809523809523
2020-04-01,0.131125
2020-04-02,0.12666666666666668
2020-04-03,0.1262313988095238
2020-04-04,0.103125
2020-04-05,0.1474018308080808
2020-04-06,0.2326923076923077
2020-04-07,0.18525252525252525
2020-04-08,0.16177248677248676
2020-04-09,0.10904761904761903
2020-04-10,0.051388888888888894
2020-04-11,0.2176111111111111
2020-04-12,0.16156462585034012
2020-04-13,0.05714285714285715
2020-04-14,0.2797222222222222
2020-04-15,-0.09583333333333335
2020-04-16,0.12968522948786107
2020-04-17,0.15123456790123457
2020-04-18,0.13173319327731092
2020-04-19,0.24026360544217687
2020-04-20,0.16765625
2020-04-21,0.128125
2020-04-22,0.17895505809979495
2020-04-23,0.12409999999999999
2020-04-24,0.17505580357142858
2020-04-25,0.17061814027723118
2020-04-26,0.1421474358974359
2020-04-27,0.16631944444444444
2020-04-28,0.0
2020-04-29,0.10833333333333334
2020-04-30,0.081781045751634
2020-05-01,0.11289021164021164
2020-05-02,0.21807692307692308
2020-05-03,0.14125000000000001
2020-05-04,0.08821428571428572
2020-05-05,0.15732954545454544
2020-05-06,0.10336257309941521
2020-05-07,0.07610657596371881
2020-05-08,0.21584325396825396
2020-05-09,0.05240260456034266
2020-05-10,0.07301434676434677
2020-05-11,0.12202219202898551
2020-05-12,0.06068121693121693
2020-05-13,0.22113095238095237
2020-05-14,0.20625
2020-05-15,0.16803940377804014
2020-05-17,0.16547619047619047
2020-05-18,0.19292929292929292
2020-05-19,0.0638888888888889
2020-05-20,0.35
2020-05-21,0.2833333333333333
2020-05-22,0.15664335664335666
2020-05-23,0.05949121315192744
2020-05-24,0.17954545454545456
2020-05-25,-0.07291666666666669
2020-05-26,0.3071428571428571
2020-05-27,0.17500000000000002
2020-05-29,0.2435185185185185
2020-05-30,0.0875
2020-05-31,0.041666666666666664
2020-06-01,0.005133928571428574
2020-06-02,0.0
2020-06-04,-0.03802083333333333
2020-06-05,0.07428571428571429
2020-06-06,0.12122519841269841
2020-06-07,-0.02142857142857142
2020-06-08,0.09555457988980716
2020-06-09,-0.06666666666666661
2020-06-10,0.17488168724279834
2020-06-11,0.10871031746031747
2020-06-14,0.0
2020-06-15,0.1310062358276644
2020-06-16,0.07408333333333333
2020-06-17,0.0
2020-06-18,0.03333333333333333
2020-06-19,0.14027777777777778
2020-06-20,0.2130802068302068
2020-06-21,0.27605483405483405
2020-06-22,0.049999999999999996
2020-06-23,0.035208333333333335
2020-06-24,0.19483418367346936
2020-06-25,0.06561011904761904
2020-06-26,0.19745370370370371
2020-06-27,0.11847222222222223
2020-06-28,0.21458333333333335
2020-06-29,0.07137445887445887
2020-06-30,0.15660443722943723
2020-07-01,0.1170014880952381
2020-07-02,0.15289535558285558
2020-07-03,0.07526455026455026
2020-07-04,0.25659171075837744
2020-07-05,0.15385827664399093
2020-07-06,0.16428571428571428
2020-07-07,0.00833333333333334
2020-07-08,0.6
2020-07-09,0.1078125
2020-07-10,0.18378787878787878
2020-07-11,0.05
2020-07-12,0.3833333333333333
2020-07-13,0.1505873015873016
2020-07-14,0.17065476190476192
2020-07-15,0.09453914141414141
2020-07-17,0.0
2020-07-18,0.09694444444444444
2020-07-19,0.11832287157287157
2020-07-20,0.03020833333333333
2020-07-21,0.16695578231292516
2020-07-22,0.13624999999999998
2020-07-23,0.2262121212121212
2020-07-24,0.2425595238095238
2020-07-25,0.09464285714285714
2020-07-26,0.1880246913580247
2020-07-27,0.2567307692307692
2020-07-28,0.043518518518518526
2020-07-29,0.09166666666666666
2020-07-30,0.21314516129032257
2020-07-31,0.2611111111111111
2020-08-01,0.04583333333333333
2020-08-02,0.1205965909090909
2020-08-03,0.18125
2020-08-04,0.14537037037037037
2020-08-05,0.13166666666666668
2020-08-06,0.0
2020-08-07,0.20456349206349206
2020-08-08,0.08374242424242424
2020-08-09,0.0
2020-08-11,0.05037878787878788
2020-08-12,0.0
2020-08-13,0.06156462585034015
2020-08-14,0.20414021164021165
2020-08-15,0.08266178266178267
2020-08-16,0.1752529761904762
2020-08-17,0.055048500881834224
2020-08-18,0.03494318181818182
2020-08-19,0.05861283643892339
2020-08-20,0.041489898989898986
2020-08-21,-0.0027777777777777727
2020-08-24,0.15875
2020-08-25,-0.001888888888888889
2020-08-26,0.08626893939393938
2020-08-27,0.11124999999999999
2020-08-28,0.07042261904761905
2020-08-29,0.19166666666666665
2020-08-30,0.06979208181589133
2020-08-31,0.08499999999999999
2020-09-01,-0.0325
2020-09-02,0.1
2020-09-03,0.16527777777777777
2020-09-04,0.23500000000000001
2020-09-05,0.06450617283950617
2020-09-07,0.017499999999999995
2020-09-08,0.0
2020-09-09,-0.014537037037037046
2020-09-10,0.2360586383313656
2020-09-11,0.2791666666666667
2020-09-12,0.20672123015873017
2020-09-13,0.22553571428571428
2020-09-14,0.37152777777777773
2020-09-15,0.25868722943722944
2020-09-16,0.10757575757575757
2020-09-17,-0.06666666666666665
2020-09-18,0.4611111111111111
2020-09-19,0.05916666666666667
2020-09-20,0.17441666666666666
2020-09-21,0.27652777777777776
2020-09-22,0.06445454545454546
2020-09-23,0.08948963844797177
2020-09-24,0.06875
2020-09-25,0.0462797619047619
2020-09-26,0.11349631519274375
2020-09-28,0.17727272727272728
2020-09-29,0.25
2020-09-30,0.03541666666666667
2020-10-01,0.2617480359147026
2020-10-02,0.17952160493827163
2020-10-03,0.1075
2020-10-04,0.12133838383838384
2020-10-05,0.16775252525252526
2020-10-06,0.16042857142857142
2020-10-07,0.12305656022591507
2020-10-08,0.1660482374768089
2020-10-09,0.20809027777777778
2020-10-10,0.25980902777777776
2020-10-11,0.0830050505050505
2020-10-12,0.12152618016903731
2020-10-13,0.0228968253968254
2020-10-14,0.12618288144603934
2020-10-15,0.0
2020-10-16,0.22314814814814815
2020-10-17,0.12458333333333335
2020-10-18,0.0
2020-10-19,-0.0625
2020-10-20,0.14999999999999997
2020-10-21,0.01804232804232804
2020-10-22,0.1551359372950282
2020-10-23,0.3053571428571428
2020-10-24,0.10243055555555555
2020-10-25,0.21534090909090908
2020-10-26,0.0
2020-10-27,0.2300595238095238
2020-10-28,0.2904356060606061
2020-10-29,0.003124999999999999
2020-10-30,0.321
2020-10-31,0.18191380718954248
2020-11-01,0.15185185185185185
2020-11-02,0.17544612794612796
2020-11-03,0.056765589569161
2020-11-04,0.8
2020-11-05,-0.125
2020-11-06,0.13760401635401634
2020-11-07,0.0
2020-11-08,0.10373571428571429
2020-11-09,0.13
2020-11-10,0.25
2020-11-11,0.0
2020-11-12,0.5083333333333333
2020-11-13,0.09304939000393544
2020-11-14,0.07014460076960077
2020-11-15,0.0937527700474129
2020-11-16,0.08955627705627706
2020-11-17,0.14070002939447385
2020-11-18,0.0896456349206349
2020-11-19,0.22003345139708774
2020-11-20,0.13323148148148148
2020-11-21,0.11187710437710437
2020-11-22,0.5
2020-11-23,0.15833333333333333
2020-11-24,0.09330965909090909
2020-11-25,0.12823937426210152
2020-11-26,0.29642857142857143
2020-11-28,0.04642857142857144
2020-11-29,0.24444444444444444
2020-11-30,0.27499999999999997
2020-12-01,0.0
2020-12-02,-0.13199999999999998
2020-12-03,0.09166666666666665
2020-12-05,0.0
2020-12-06,0.0
2020-12-07,0.13214285714285715
2020-12-08,0.02013888888888889
2020-12-09,0.35625
2020-12-10,0.26219308035714284
2020-12-11,0.0
2020-12-12,0.14722222222222223
2020-12-13,0.0
2020-12-14,0.011874999999999998
2020-12-15,0.19154220779220782
2020-12-16,0.1436245265151515
2020-12-17,0.2307777777777778
2020-12-20,0.2373809523809524
2020-12-21,0.0005555555555555536
2020-12-22,-0.030555555555555555
2020-12-23,0.09999999999999998
2020-12-24,-0.029340277777777785
2020-12-25,0.2036651234567901
2020-12-26,0.12048611111111111
2020-12-27,0.3193498168498169
2020-12-28,0.13333333333333333
2020-12-29,0.09902777777777777
2020-12-30,0.10913225446428572
2020-12-31,0.35000000000000003
2021-01-01,0.16666666666666666
2021-01-02,0.15281250000000002
2021-01-03,0.0
2021-01-04,0.03154761904761905
2021-01-05,0.35
2021-01-07,0.049342105263157895
2021-01-08,0.050416666666666665
2021-01-09,0.12772765246449455
2021-01-10,0.2
2021-01-11,0.3591666666666667
2021-01-12,0.019444444444444445
2021-01-13,0.20608866442199775
2021-01-14,0.06148989898989898
2021-01-15,0.34093822843822846
2021-01-16,0.38
2021-01-17,0.7
2021-01-18,0.2012910052910053
2021-01-20,0.25
2021-01-21,0.29083333333333333
2021-01-22,0.17312499999999997
2021-01-23,0.14236111111111113
2021-01-24,0.0
2021-01-25,-0.054861111111111104
2021-01-26,0.08194444444444444
2021-01-28,0.0884891574474908
2021-01-29,0.16133207070707073
2021-01-30,0.21603174603174605
2021-01-31,0.2619047619047619
2021-02-01,0.12256944444444445
2021-02-02,0.0
2021-02-04,0.07688271604938271
2021-02-05,0.16785714285714287
2021-02-06,0.16879084967320263
2021-02-07,0.12727272727272726
2021-02-08,0.016875
2021-02-09,-0.018560606060606062
2021-02-10,0.06384615384615386
2021-02-11,0.30436282467532466
2021-02-12,-0.08333333333333333
2021-02-13,0.12566666666666665
2021-02-14,0.33958333333333335
2021-02-15,0.03333333333333333
2021-02-16,-0.10714285714285714
2021-02-17,0.14285714285714285
2021-02-18,-0.078125
2021-02-19,0.05690035273368607
2021-02-20,0.08609523809523809
2021-02-21,0.125
2021-02-22,0.10555555555555556
2021-02-23,0.05694444444444444
2021-02-24,0.13937728937728938
2021-02-25,0.08540032679738563
2021-02-26,0.0
2021-03-01,0.2616762866762867
2021-03-02,0.0235
2021-03-03,0.19637362637362638
2021-03-04,0.10396464646464647
2021-03-05,0.0
2021-03-06,0.051539115646258495
2021-03-07,0.0500000000000001
2021-03-08,0.13698979591836735
2021-03-09,0.12062500000000001
2021-03-10,0.014844444444444443
2021-03-11,0.14511904761904765
2021-03-12,-0.08765306122448979
2021-03-13,0.09987012987012987
2021-03-14,0.27307692307692305
2021-03-15,0.0
2021-03-16,0.14285714285714285
2021-03-17,0.16666666666666666
2021-03-18,0.19682539682539682
2021-03-19,0.02431818181818182
2021-03-20,0.04241071428571428
2021-03-21,0.14580176767676767
2021-03-22,0.0
2021-03-23,0.16275027056277055
2021-03-24,0.053703703703703705
2021-03-25,0.1318181818181818
2021-03-26,0.1099537037037037
2021-03-27,0.2768506493506494
2021-03-28,0.12
2021-03-29,0.06666666666666665
2021-03-30,0.1807934173669468
2021-03-31,0.31785714285714284
2021-04-01,0.1625
2021-04-02,0.18536931818181818
2021-04-03,0.039339826839826834
2021-04-04,0.09575892857142856
2021-04-05,0.3117095057720058
2021-04-06,0.16135802469135804
2021-04-07,0.12340277777777779
2021-04-08,0.145
2021-04-09,0.10612789987789989
2021-04-10,0.166260333994709
2021-04-11,0.31500000000000006
2021-04-13,-0.21666666666666667
2021-04-14,0.1264569805194805
2021-04-15,0.12198773448773449
2021-04-16,0.0036904761904761906
2021-04-17,0.14093537414965987
2021-04-18,0.0
2021-04-19,0.15083333333333332
2021-04-20,0.3553977272727273
2021-04-21,0.10208333333333333
2021-04-22,0.16341840277777778
2021-04-23,0.10833333333333334
2021-04-24,0.2125
2021-04-25,0.28939393939393937
2021-04-26,0.2168771043771044
2021-04-27,0.1005832130832131
2021-04-28,0.1383333333333333
2021-04-29,0.12208243145743146
2021-05-01,0.0
2021-05-02,0.365
2021-05-03,0.3078703703703704
2021-05-04,0.07250000000000001
2021-05-05,0.02
2021-05-06,0.0875
2021-05-07,0.07083333333333333
2021-05-08,0.22332251082251084
2021-05-09,0.1
2021-05-10,0.15
2021-05-11,0.0625
2021-05-12,0.08324404761904762
2021-05-13,0.06145833333333334
2021-05-14,0.16666666666666666
2021-05-15,0.0
2021-05-16,0.02361212861212861
2021-05-17,0.0
2021-05-18,0.12916666666666665
2021-05-19,0.20892857142857144
2021-05-20,0.1393695987654321
2021-05-21,0.1772619047619048
2021-05-22,0.14791666666666664
2021-05-23,0.0
2021-05-24,0.1375
2021-05-25,0.007142857142857145
2021-05-26,0.06821428571428571
2021-05-27,0.21833333333333335
2021-05-28,0.08666666666666667
2021-05-29,0.037500000000000006
2021-05-30,0.03520833333333333
2021-05-31,0.06548878205128204
2021-06-01,0.21948051948051947
2021-06-02,-0.031215277777777772
2021-06-03,0.0
2021-06-04,0.17142857142857143
2021-06-05,0.12604166666666666
2021-06-06,0.10659271284271284
2021-06-07,0.07083333333333333
2021-06-09,0.17944444444444446
2021-06-10,0.0875
2021-06-11,0.32818877551020403
2021-06-12,1.0
2021-06-13,0.16654250841750842
2021-06-14,0.152245670995671
2021-06-15,0.0040555555555555674
2021-06-16,0.2259280303030303
2021-06-17,0.2722943722943723
2021-06-18,0.2633333333333333
2021-06-19,0.3
2021-06-20,0.5
2021-06-21,-0.153125
2021-06-22,0.4
2021-06-23,0.09375
2021-06-24,0.12374999999999999
2021-06-25,0.09510722993481614
2021-06-27,0.175
2021-06-28,0.22725694444444444
2021-06-29,0.11339880952380951
2021-06-30,0.0654861111111111
2021-07-01,0.12354695493900039
2021-07-02,0.21016414141414144
2021-07-03,0.18487674362674364
2021-07-04,0.1728298611111111
2021-07-05,0.07847222222222222
2021-07-06,0.15021645021645022
2021-07-07,0.11840638528138529
2021-07-08,0.06369047619047619
2021-07-09,0.0470314110492682
2021-07-10,0.1686465975544923
2021-07-11,0.32708333333333334
2021-07-12,0.20416666666666666
2021-07-13,0.14666666666666667
2021-07-14,0.11424305555555556
2021-07-15,0.16592266651477178
2021-07-16,0.12559523809523812
2021-07-17,0.12240165631469979
2021-07-18,0.0625
2021-07-19,0.28727272727272724
2021-07-20,0.3076578282828283
2021-07-21,0.12266666666666666
2021-07-22,0.0453125
2021-07-23,0.2427777777777778
2021-07-24,0.19039517195767197
2021-07-25,0.10429012345679012
2021-07-26,0.20736666666666664
2021-07-27,0.3083712121212121
2021-07-28,0.1729166666666667
2021-07-29,0.10349348072562359
2021-07-30,0.05358291562238931
2021-07-31,0.023620956589706588
2021-08-01,0.0
2021-08-02,-0.05121882086167801
2021-08-03,0.21909722222222225
2021-08-04,0.24899999999999997
2021-08-05,0.049166666666666664
2021-08-06,0.12137828711692347
2021-08-07,0.35
2021-08-09,0.0
2021-08-10,0.20625
2021-08-11,0.22833333333333333
2021-08-12,0.07334295334295335
2021-08-13,0.1296969696969697
2021-08-14,0.11042593594676928
2021-08-15,0.09381613756613756
2021-08-16,0.8
2021-08-17,1.0
2021-08-18,0.10523932506887053
2021-08-19,0.0
2021-08-20,0.0
2021-08-21,0.13125
2021-08-23,0.10701343795093794
2021-08-24,0.209280303030303
2021-08-25,0.21875
2021-08-26,-0.0037037037037037025
2021-08-27,0.20025252525252524
2021-08-28,0.16499999999999998
2021-08-29,-0.041666666666666664
2021-08-30,0.10411764705882354
2021-08-31,0.15
2021-09-01,0.08523629148629148
2021-09-02,0.22855555555555554
2021-09-03,0.09766558441558441
2021-09-04,0.027500000000000004
2021-09-06,0.318975468975469
2021-09-07,0.1875
2021-09-08,0.0
2021-09-09,0.04071428571428571
2021-09-10,0.09964285714285714
2021-09-11,0.10837857142857144
2021-09-12,0.08977864583333332
2021-09-13,0.14910714285714285
2021-09-14,0.0012499999999999955
2021-09-15,0.034999999999999996
2021-09-16,0.20555555555555557
2021-09-17,0.25150635822510825
2021-09-18,0.08984570984570985
2021-09-19,0.19768518518518519
2021-09-20,0.2903409090909091
2021-09-21,0.21128472222222222
2021-09-22,0.09502719502719503
2021-09-23,0.0
2021-09-24,0.14750000000000002
2021-09-25,0.12058712121212123
2021-09-26,0.22142857142857145
2021-09-27,-0.02326388888888889
2021-09-28,-0.15141369047619047
2021-09-29,0.35000000000000003
2021-09-30,0.53125
2021-10-01,0.24166666666666667
2021-10-02,0.2754848484848485
2021-10-03,0.23483796296296297
2021-10-04,-0.016666666666666673
2021-10-05,0.0
2021-10-07,0.26962643011750154
2021-10-08,0.14618055555555556
2021-10-09,0.11582417582417583
2021-10-10,0.29212962962962963
2021-10-11,0.12797619047619047
2021-10-12,0.03559027777777778
2021-10-13,0.0
2021-10-14,0.1712878787878788
2021-10-15,0.053125000000000006
2021-10-16,0.0
2021-10-17,0.08913461538461538
2021-10-18,0.5666666666666667
2021-10-19,0.19880952380952382
2021-10-20,0.1171875
2021-10-21,0.08333333333333333
2021-10-22,0.1383816500959358
2021-10-23,0.0
2021-10-24,0.08242897727272727
2021-10-25,0.05777183600713012
2021-10-26,0.16517857142857142
2021-10-27,0.053599773242630384
2021-10-28,0.05297402597402598
2021-10-29,0.029870129870129863
2021-10-30,0.11000000000000001
2021-10-31,0.08152380952380953
2021-11-01,0.15750403025793652
2021-11-02,0.14714285714285713
2021-11-03,0.03928571428571429
2021-11-04,0.08409090909090909
2021-11-05,0.0
2021-11-06,0.06130681818181818
2021-11-07,0.1795138888888889
2021-11-08,0.11963734567901235
2021-11-09,0.02321428571428571
2021-11-10,0.1647747113997114
2021-11-11,0.035852272727272726
2021-11-12,0.15825757575757576
2021-11-13,0.22733356290174472
2021-11-14,0.17253787878787877
2021-11-15,0.07977941176470588
2021-11-16,0.13000000000000003
2021-11-17,0.1391765873015873
2021-11-18,0.0678717320261438
2021-11-19,0.095199157103919
2021-11-20,0.065
2021-11-21,0.09499072356215213
2021-11-22,0.02288888888888889
2021-11-23,0.12477358168147643
2021-11-24,0.18247863247863247
2021-11-25,0.14464285714285716
2021-11-26,-0.051041666666666666
2021-11-27,0.25166666666666665
2021-11-28,0.0
2021-11-29,0.08519991582491582
2021-11-30,0.10797453703703704
2021-12-01,0.09270833333333334
2021-12-02,0.013798701298701298
2021-12-03,0.141875
2021-12-04,0.08333333333333334
2021-12-05,0.16666666666666666
2021-12-06,0.30147569444444444
2021-12-07,0.06356074481074481
2021-12-08,0.08126361655773419
2021-12-09,0.20583333333333337
2021-12-10,0.03840702947845805
2021-12-11,0.15096153846153845
2021-12-12,-0.015686274509803925
2021-12-13,0.07115384615384615
2021-12-14,0.09093137254901962
2021-12-15,0.091
2021-12-16,0.03181818181818182
2021-12-17,0.14858333333333335
2021-12-18,0.09137488328664799
2021-12-19,0.17023809523809524
2021-12-20,0.025876623376623373
2021-12-21,0.08712121212121211
2021-12-22,0.08154761904761905
2021-12-23,0.2823611111111111
2021-12-24,0.14425154320987654
2021-12-25,0.0
2021-12-26,0.046875
2021-12-27,0.07944444444444444
2021-12-28,0.8
2021-12-29,0.09236111111111112
2021-12-30,0.065
2021-12-31,0.0
2022-01-01,0.0
2022-01-02,0.3333333333333333
2022-01-03,-0.013888888888888876
2022-01-04,0.115625
2022-01-05,0.0
2022-01-06,0.27999999999999997
2022-01-07,0.00011904761904761817
2022-01-08,1.0
2022-01-09,0.0
2022-01-10,0.07142857142857142
2022-01-11,0.25833333333333336
2022-01-12,0.4333333333333333
2022-01-13,0.08928571428571429
2022-01-14,0.0
2022-01-15,-0.026666666666666665
2022-01-16,0.10058823529411764
2022-01-17,0.16071428571428573
2022-01-18,0.11444444444444443
2022-01-19,0.21356209150326796
2022-01-20,0.0
2022-01-21,0.053811177248677254
2022-01-25,0.17572337962962964
2022-01-26,0.09791666666666667
2022-01-27,0.053042328042328044
2022-01-28,0.07336111111111113
2022-01-29,0.05833333333333333
2022-01-30,0.2080723198370257
2022-01-31,0.0
2022-02-01,0.05498015873015873
2022-02-02,0.09234126984126984
2022-02-03,0.055448717948717946
2022-02-04,0.13333333333333333
2022-02-05,0.040266666666666666
2022-02-06,0.056944444444444436
2022-02-07,0.0885823925529808
2022-02-08,0.05
2022-02-09,0.012334280303030312
2022-02-10,0.13452380952380952
2022-02-11,0.20183566433566436
2022-02-12,-0.023131313131313135
2022-02-13,0.32727272727272727
2022-02-14,0.07533670033670033
2022-02-15,0.2333333333333333
2022-02-16,-0.020238095238095246
2022-02-17,0.12111111111111111
2022-02-18,0.07658730158730159
2022-02-19,0.08844444444444445
2022-02-20,0.06088154269972452
2022-02-21,0.2165266106442577
2022-02-22,0.0801046176046176
2022-02-23,0.07794312169312169
2022-02-25,0.052888655462184866
2022-02-26,0.22083333333333333
2022-02-28,0.65
2022-03-01,0.18564814814814815
2022-03-02,0.0961062969924812
2022-03-03,0.08359649122807018
2022-03-04,-9.25185853854297e-18
2022-03-05,0.20402777777777778
2022-03-06,0.0744047619047619
2022-03-07,0.125
2022-03-08,-0.275
2022-03-09,0.11973611111111111
2022-03-10,0.0
2022-03-11,0.10085227272727272
2022-03-12,-0.06666666666666662
2022-03-13,0.06000000000000001
2022-03-14,0.009975274725274727
2022-03-15,0.07856125356125357
2022-03-16,0.06284722222222222
2022-03-17,0.19597222222222221
2022-03-18,0.19500473484848485
2022-03-19,0.06190476190476191
2022-03-20,0.675
2022-03-21,0.13039930555555554
2022-03-22,0.03409090909090909
2022-03-24,0.054166666666666675
2022-03-25,0.13722222222222225
2022-03-26,0.09805194805194806
2022-03-27,0.04357385811467444
2022-03-28,0.19455128205128205
2022-03-29,0.21428394274376417
2022-03-30,0.30833333333333335
2022-03-31,0.05
2022-04-01,0.05833333333333333
2022-04-02,-0.03125
2022-04-03,0.007253086419753085
2022-04-04,0.185
2022-04-05,0.11074404761904762
2022-04-06,0.1767857142857143
2022-04-07,0.10833333333333332
2022-04-08,0.20993844696969696
2022-04-09,0.106328125
2022-04-10,0.008333333333333338
2022-04-14,0.16513605442176868
2022-04-15,0.1171875
2022-04-16,0.09809027777777778
2022-04-17,0.45833333333333337
2022-04-18,0.1963015873015873
2022-04-19,0.07546768707482993
2022-04-20,0.15227272727272728
2022-04-21,0.12117263367263367
2022-04-22,0.29464285714285715
2022-04-23,0.23264646464646466
2022-04-24,0.056690287226001515
2022-04-25,0.065
2022-04-26,0.10717532467532467
2022-04-27,-0.07047082932499599
2022-04-28,0.22500000000000003
2022-04-29,0.019450396825396826
2022-04-30,0.03839285714285716
2022-05-01,0.19772652116402115
2022-05-02,0.11418209876543212
2022-05-03,0.09822941811133055
2022-05-04,0.36950000000000005
2022-05-05,0.5
2022-05-06,0.09282828282828283
2022-05-07,-0.08516666666666667
2022-05-08,0.5
2022-05-09,0.14647989417989418
2022-05-10,0.29375
2022-05-11,-0.005208333333333327
2022-05-12,0.09996212121212121
2022-05-13,0.001715686274509806
2022-05-14,0.09592522974101922
2022-05-15,0.16682407407407407
2022-05-16,0.1625
2022-05-17,0.2735532407407408
2022-05-18,0.015869565217391312
2022-05-19,0.1361111111111111
2022-05-20,0.20965229384436704
2022-05-21,0.08318001443001444
2022-05-22,-0.21666666666666667
2022-05-23,0.20797123015873017
2022-05-24,0.10967261904761906
2022-05-25,0.0767361111111111
2022-05-26,0.11781931362288504
2022-05-27,0.15742530617530617
2022-05-28,0.21247474747474748
2022-05-29,0.12007936507936508
2022-05-30,0.06074631021999443
2022-05-31,0.10098334535834536
2022-06-01,0.10882936507936508
2022-06-02,0.05628306878306878
2022-06-03,0.25698450854700855
2022-06-04,0.07499321219715957
2022-06-05,0.07924145299145299
2022-06-06,-0.028205387205387192
2022-06-07,0.13374999999999998
2022-06-08,-0.06083333333333333
2022-06-09,0.18591269841269842
2022-06-10,0.08785714285714286
2022-06-11,0.18022177489177488
2022-06-12,0.12896825396825398
2022-06-13,0.4125
2022-06-14,0.07648333333333332
2022-06-15,0.08828888888888889
2022-06-16,0.2275862068965517
2022-06-17,0.1404166666666667
2022-06-18,0.05116161616161616
2022-06-19,0.2357142857142857
2022-06-20,0.22083333333333335
2022-06-21,0.012037037037037032
2022-07-02,0.2294642857142857
2022-07-04,0.3333333333333333
2022-07-05,0.16589251893939394
2022-07-06,0.10501587301587302
2022-07-07,0.14443171296296295
2022-07-08,0.014859307359307355
2022-07-11,0.004166666666666668
2022-07-12,0.09984434523809524
2022-07-13,0.1144949494949495
2022-07-14,-0.02380952380952379
2022-07-15,0.020648148148148148
2022-07-16,0.1517857142857143
2022-07-18,0.12874583333333334
2022-07-19,0.17361111111111113
2022-07-20,0.043750000000000004
2022-07-21,0.10909090909090911
2022-07-22,0.12351190476190477
2022-07-23,-0.034722222222222224
2022-07-24,0.005921052631578949
2022-07-25,0.20443249458874457
2022-07-26,0.19166666666666665
2022-07-27,-0.003501683501683502
2022-07-28,-0.05
2022-07-29,0.20494227994227995
2022-07-30,0.13745941558441557
2022-07-31,0.06
2022-08-01,0.0455026455026455
2022-08-02,0.27520833333333333
2022-08-04,0.14768518518518517
2022-08-05,0.11666666666666665
2022-08-06,0.052465986394557816
2022-08-07,0.0
2022-08-08,-0.03
2022-08-09,0.0
2022-08-10,0.10753968253968255
2022-08-11,0.07678571428571428
2022-08-12,0.04583333333333333
2022-08-13,0.03674242424242424
2022-08-14,-0.052256944444444446
2022-08-15,0.525
2022-08-16,0.27383116883116887
2022-08-17,0.06936507936507937
2022-08-18,0.025
2022-08-19,0.24437270431588612
2022-08-20,-0.008680555555555554
2022-08-21,0.19550754458161868
2022-08-22,0.02447916666666667
2022-08-23,0.07554112554112555
2022-08-24,0.1904017857142857
2022-08-25,0.0875
2022-08-26,0.04579827374271819
2022-08-27,0.43333333333333335
2022-08-28,0.13997474747474747
2022-08-29,0.130859375
2022-08-30,0.128125
2022-08-31,0.0
2022-09-01,0.40625
2022-09-03,-0.25
2022-09-04,0.30952380952380953
2022-09-05,0.17148809523809522
2022-09-06,0.130625
2022-09-07,0.0
2022-09-08,0.16772056878306876
2022-09-09,0.03375
2022-09-10,0.078125
2022-09-11,0.06
2022-09-12,0.020163690476190477
2022-09-13,0.07099358974358974
2022-09-14,0.1377777777777778
2022-09-15,-0.03333333333333333
2022-09-16,0.24583333333333332
2022-09-17,-0.016666666666666663
2022-09-18,0.2745714285714286
2022-09-19,0.23064814814814813
2022-09-20,0.1705357142857143
2022-09-21,0.040486724887766556
2022-09-22,0.03958333333333333
2022-09-23,0.0625
2022-09-24,0.0
2022-09-25,0.0
2022-09-26,0.7
2022-09-27,0.10192307692307692
2022-09-28,0.029861111111111106
2022-09-29,0.20909090909090908
2022-09-30,0.1357142857142857
2022-10-01,0.05
2022-10-02,0.04570653626209181
2022-10-03,0.06195490256096318
2022-10-04,-0.06994949494949496
2022-10-05,0.061130952380952376
2022-10-06,0.08327311717463233
2022-10-07,0.0830842151675485
2022-10-08,0.14891666666666667
2022-10-09,0.1120945479641132
2022-10-10,0.15
2022-10-11,-0.0009722222222222215
2022-10-12,0.09047619047619046
2022-10-13,0.05839947089947089
2022-10-14,0.0031516290726817013
2022-10-15,0.14250866445062874
2022-10-16,0.04022727272727273
2022-10-17,0.1848409090909091
2022-10-18,0.09293650793650793
2022-10-19,0.19416335978835977
2022-10-20,0.17782539682539683
2022-10-21,0.06517243867243867
2022-10-22,0.23409090909090907
2022-10-23,0.07569444444444444
2022-10-24,0.16634199134199135
2022-10-25,0.06152389277389277
2022-10-26,0.08815656565656566
2022-10-27,0.06666666666666667
2022-10-28,0.10875365497076023
2022-10-29,0.23787878787878788
2022-10-30,0.16445578231292515
2022-10-31,0.0653309132996633
2022-11-01,0.05305555555555556
2022-11-02,0.12003851540616246
2022-11-03,0.04145833333333334
2022-11-04,0.1566452380952381
2022-11-05,0.10088907785336357
2022-11-06,0.03796296296296296
2022-11-07,0.06387340587340587
2022-11-08,0.12316666666666667
2022-11-09,0.015198863636363634
2022-11-10,0.1489745670995671
2022-11-11,0.12253826140189775
2022-11-12,0.05041666666666667
2022-11-13,0.10045833333333334
2022-11-14,0.12125608766233766
2022-11-15,0.051052677942212826
2022-11-16,0.06499116161616161
2022-11-17,0.13622271825396826
2022-11-18,0.10043164327255237
2022-11-19,0.13218320105820106
2022-11-20,0.1038083538083538
2022-11-21,0.12760416666666669
2022-11-22,0.07430008210180625
2022-11-23,0.15718238936988937
2022-11-24,0.14092922310664246
2022-11-25,0.07274305555555556
2022-11-26,0.20142063492063492
2022-11-27,0.1474392361111111
2022-11-28,0.09731877599524658
2022-11-29,0.15969611528822056
2022-11-30,0.09634711779448622
2022-12-01,0.16420745149911817
2022-12-02,0.041833553753196605
2022-12-03,0.20517000360750362
2022-12-04,0.10148722245496439
2022-12-05,0.06809895833333333
2022-12-06,0.164375
2022-12-07,0.2679012345679012
2022-12-08,0.13902064119455423
2022-12-09,0.11596908646908646
2022-12-10,0.08641581632653061
2022-12-11,0.07555532430532431
2022-12-12,0.13950268817204303
2022-12-13,0.1371626984126984
2022-12-14,0.09101305609284333
2022-12-15,0.07243827160493826
2022-12-16,0.12238404452690166
2022-12-17,0.1413167388167388
2022-12-18,0.11797932863621638
2022-12-19,0.11833333333333333
2022-12-20,0.15011019283746557
2022-12-21,0.09100446428571429
2022-12-22,0.17419257054673723
2022-12-23,0.19538855820105822
2022-12-24,0.09658385093167703
2022-12-25,0.36302083333333335
2022-12-26,0.21225877192982456
2022-12-27,0.18154761904761904
2022-12-28,0.1284803737928738
2022-12-29,0.09113636363636364
2022-12-30,0.0800782439504244
2022-12-31,0.24974747474747472
2023-01-01,0.12239583333333333
2023-01-02,0.27142857142857146
2023-01-03,0.018154761904761913
2023-01-04,0.16875
2023-01-05,0.10578063241106718
2023-01-06,0.025
2023-01-07,0.20175028344671203
2023-01-08,0.0925925925925926
2023-01-09,0.19734362859362858
2023-01-10,0.14652777777777778
2023-01-11,0.10027777777777776
2023-01-12,0.16780701754385965
2023-01-13,0.13974358974358975
2023-01-14,0.11696859903381643
2023-01-15,-0.00416666666666667
2023-01-16,0.024198412698412698
2023-01-17,0.189745962779051
2023-01-18,0.3108888888888889
2023-01-19,0.164114010989011
2023-01-20,0.11988891060071616
2023-01-21,0.10053060365560365
2023-01-22,0.15476190476190474
2023-01-23,0.12041666666666666
2023-01-24,0.16382575757575757
2023-01-25,0.06212365591397849
2023-01-26,0.2524878787878788
2023-01-27,0.08993347338935574
2023-01-28,0.18073660714285714
2023-01-29,0.0767361111111111
2023-01-30,0.037990196078431376
2023-01-31,0.11154411764705882
2023-02-01,0.1388888888888889
2023-02-02,0.1429537938912939
2023-02-03,0.10582589285714286
2023-02-04,0.06628472222222222
2023-02-05,0.10117920274170275
2023-02-06,-0.0021739130434782626
2023-02-07,0.01231907894736842
2023-02-08,0.1333994708994709
2023-02-09,0.23625
2023-02-10,0.1215686274509804
2023-02-11,0.37053030303030304
2023-02-12,0.09141673881673883
2023-02-13,0.15707264957264958
2023-02-14,0.14741666666666667
2023-02-15,0.24855348124098123
2023-02-16,0.11119791666666667
2023-02-17,0.09653750515357659
2023-02-18,0.1456809807256236
2023-02-19,0.07484737484737485
2023-02-20,0.15916666666666668
2023-02-21,0.08200680272108844
2023-02-22,0.09683035714285715
2023-02-23,0.0461897792863702
2023-02-24,0.11721014492753623
2023-02-25,0.06355596784168213
2023-02-26,0.11225267379679145
2023-02-27,0.100812251984127
2023-02-28,0.14333472083472082
2023-03-01,0.13544685990338162
2023-03-02,0.07450396825396825
2023-03-03,0.11166666666666668
2023-03-04,-0.06329710144927538
2023-03-05,0.07539682539682539
2023-03-06,0.09180278980278979
2023-03-07,0.06836131109228936
2023-03-08,0.04755434782608696
2023-03-09,0.11758207070707072
2023-03-10,0.09090909090909091
2023-03-11,0.007451874366767983
2023-03-12,0.13518518518518519
2023-03-13,0.1125
2023-03-14,0.13295612373737373
2023-03-15,0.053399999999999996
2023-03-16,0.04686290186290186
2023-03-17,0.07023533950617283
2023-03-18,0.12664067799484466
2023-03-19,0.10381944444444445
2023-03-20,0.05277777777777778
2023-03-21,0.05238095238095239
2023-03-22,0.045830492424242426
2023-03-23,0.2398809523809524
2023-03-24,0.1568874807987711
2023-03-25,0.01590909090909091
2023-03-26,0.08611111111111112
2023-03-27,0.1195088641517213
2023-03-28,0.1654946679336923
2023-03-29,0.0060267857142857146
2023-03-30,-0.006944444444444445
2023-03-31,0.16553951367781156
2023-04-01,0.14150787638287637
2023-04-02,0.16048041773041774
2023-04-03,0.11336219336219336
2023-04-04,0.06450396825396824
2023-04-05,0.15984848484848488
2023-04-06,0.12559895833333334
2023-04-07,0.16915159245516387
2023-04-08,0.051552579365079364
2023-04-09,0.06077828725855042
2023-04-10,0.1200092794693635
2023-04-11,0.11538371598639456
2023-04-12,0.0936399470899471
2023-04-13,0.16887400793650795
2023-04-14,0.09584120886937789
2023-04-15,0.08608388187155311
2023-04-16,0.053802447552447556
2023-04-17,0.03195496632996634
2023-04-18,0.06090360449735449
2023-04-19,0.10066685765215178
2023-04-20,0.0581310261707989
2023-04-21,0.09359249792760431
2023-04-22,0.10906651744719928
2023-04-23,0.14006875829965532
2023-04-24,0.14517496392496393
2023-04-25,0.09281746031746031
2023-04-26,0.01995039682539682
2023-04-27,0.21445054945054945
2023-04-28,0.0775925925925926
2023-04-29,0.044719792678976356
2023-04-30,0.1602361111111111
2023-05-01,0.013365800865800869
2023-05-02,0.09335455246913581
2023-05-03,0.11129316680558916
2023-05-04,0.17224476911976913
2023-05-05,0.15122481684981687
2023-05-06,0.16939055735930736
2023-05-07,0.13597594959541162
2023-05-08,0.11328823953823954
2023-05-09,0.12586965197956576
2023-05-10,0.14023098907797185
2023-05-11,0.12985857458513708
2023-05-12,0.1350753710575139
2023-05-13,0.09839409722222223
2023-05-14,0.17667695473251027
2023-05-15,0.15666666666666665
2023-05-16,0.15218078731967621
2023-05-17,0.13956367924528304
2023-05-18,0.12028050595238096
2023-05-19,0.061281249999999995
2023-05-20,0.13478535353535354
2023-05-21,0.10740740740740741
2023-05-22,0.16363636363636364
2023-05-23,0.19722260802469135
2023-05-24,0.17708333333333334
2023-05-25,0.04782964782964783
2023-05-26,0.11324404761904762
2023-05-27,0.08965146750524108
2023-05-28,0.12511574074074072
2023-05-29,0.1056708238851096
2023-06-01,0.14438729296066252
2023-06-02,0.04432888204074645
2023-06-03,0.11522727272727273
2023-06-04,0.013706563706563707
2023-06-05,0.11942406692406693
2023-06-06,0.08066188197767148
2023-06-07,0.17090909090909093
2023-06-08,0.1964251700680272
2023-06-09,0.06419871794871795
2023-06-10,0.08316666666666667
2023-06-11,0.1179080872830873
2023-06-12,0.14606481481481481
2023-06-13,0.02361111111111111
2023-06-14,0.12061011904761905
2023-06-15,0.04966931216931216
2023-06-16,0.049305555555555554
2023-06-17,0.11382803779030194
2023-06-18,0.14739153439153438
2023-06-19,0.07741228070175438
2023-06-20,0.1368622448979592
2023-06-21,0.14368917512360135
2023-06-22,0.1585537918871252
2023-06-23,0.14523809523809525
2023-06-24,0.12638888888888888
2023-06-25,0.046879699248120306
2023-06-26,0.04986666666666666
2023-06-27,0.12093749999999999
2023-06-28,0.22386363636363635
2023-06-29,0.1375
2023-06-30,0.12212679753196995
2023-07-01,0.08590944002234326
2023-07-02,0.0004629629629629644
2023-07-03,0.14270833333333333
2023-07-04,0.27319444444444446
2023-07-05,0.22916666666666669
2023-07-06,0.10340909090909091
2023-07-07,0.1101294903926483
2023-07-08,0.2469135802469136
2023-07-09,0.12111111111111111
2023-07-10,0.09789779664779664
2023-07-11,0.12591145833333334
2023-07-12,-0.05200892857142857
2023-07-13,0.09000457875457876
2023-07-14,0.12262364718614718
2023-07-15,0.13050129268879268
2023-07-16,0.1420871854134566
2023-07-17,0.07822498274672186
2023-07-18,0.22107789855072466
2023-07-19,0.16540032679738562
2023-07-20,0.052564102564102565
2023-07-21,-0.02733333333333333
2023-07-22,0.12168367346938776
2023-07-23,0.11799628942486086
2023-07-24,0.1732142857142857
2023-07-25,0.1555515873015873
2023-07-26,0.1971577380952381
2023-07-27,0.08537760416666666
2023-07-28,0.15435385602052268
2023-07-29,0.16794126984126984
2023-07-30,0.12
2023-07-31,0.1320837675698787
2023-08-01,0.14756854256854257
2023-08-02,0.11064319667260844
2023-08-03,0.22223735046315693
2023-08-04,0.12041592666592667
2023-08-05,0.19230360603543745
2023-08-06,0.15167801654560129
2023-08-07,0.1723996723996724
2023-08-08,0.1587261904761905
2023-08-09,0.18048701959416244
2023-08-10,0.38750000000000007
2023-08-11,0.15038187065459793
2023-08-12,0.175
2023-08-13,0.07222222222222224
2023-08-14,0.12207602339181288
2023-08-15,0.1943859649122807
2023-08-16,0.17925714021750608
2023-08-17,0.12244462481962483
2023-08-18,0.20047581073896864
2023-08-19,0.11991071428571429
2023-08-20,0.2571428571428571
2023-08-21,0.027775297619047623
2023-08-22,0.2510664682539682
2023-08-23,0.21165719696969695
2023-08-24,0.09905122655122654
2023-08-25,0.10710075493612078
2023-08-26,0.14368138227513227
2023-08-27,0.19971748737373735
2023-08-28,0.09839743589743591
2023-08-29,0.21863225854605164
2023-08-30,0.08888888888888886
2023-08-31,0.17410977033635114
2023-09-01,0.30632086167800454
2023-09-02,0.17773533950617285
2023-09-03,0.12607610192837465
2023-09-04,0.13377502705627706
2023-09-05,0.18766666666666665
2023-09-06,0.10881488122159763
2023-09-07,0.08900539867109634
2023-09-08,0.1346664880952381
2023-09-09,0.1283592372134039
2023-09-10,0.19673511904761903
2023-09-11,0.01526010101010101
2023-09-12,0.3333333333333333
2023-09-13,0.20984920634920637
2023-09-14,0.2172733918128655
2023-09-15,0.10625
2023-09-16,0.0
2023-09-17,0.15380483797603361
2023-09-18,0.050390624999999994
2023-09-19,0.18095238095238095
2023-09-20,0.12382891414141413
2023-09-21,0.12232925949389364
2023-09-22,0.1508865296960535
2023-09-23,0.425
2023-09-24,0.11388888888888887
2023-09-25,0.10354545454545455
2023-09-26,0.14431715110286542
2023-09-27,0.05072971309736015
2023-09-28,0.03630780204643841
2023-09-29,0.15603633421594584
2023-09-30,0.21262626262626264
2023-10-01,0.1551629389129389
2023-10-02,0.07141135379771744
2023-10-03,0.12106671350092403
2023-10-04,0.13414529914529913
2023-10-05,0.21400999793856937
2023-10-06,0.059924812030075186
2023-10-07,0.10299077080327079
2023-10-08,0.11648714461214461
2023-10-09,0.041402116402116405
2023-10-10,0.12303644553644555
2023-10-11,0.15428414786967418
2023-10-12,0.15410000000000001
2023-10-13,0.16273214285714285
2023-10-14,0.16712256493506494
2023-10-15,0.1266304347826087
2023-10-16,0.1388888888888889
2023-10-17,0.1404100529100529
2023-10-18,0.2099534756431308
2023-10-19,0.039583333333333325
2023-10-20,0.13929631132756132
2023-10-21,-0.5
2023-10-22,0.1684892290249433
2023-10-23,0.17829131652661065
2023-10-24,0.18227272727272728
2023-10-25,0.1375
2023-10-26,0.05223214285714285
2023-10-27,0.13167892156862743
2023-10-28,0.13409054834054834
2023-10-29,0.20908289241622574
2023-10-30,0.12058823529411766
2023-10-31,0.058333333333333334
2023-11-01,0.16704184704184705
2023-11-02,0.21944295900178254
2023-11-03,0.2173750734861846
2023-11-04,0.17524267399267401
2023-11-05,0.14697636853886853
2023-11-06,0.09125233426704014
2023-11-07,0.12731481481481483
2023-11-08,0.09810725176291214
2023-11-09,0.3148809523809524
2023-11-10,0.17685416666666667
2023-11-11,0.1347829861111111
2023-11-12,0.17705627705627708
2023-11-13,0.07834054834054834
2023-11-14,0.250068870523416
2023-11-15,0.10702898550724636
2023-11-16,0.1963068181818182
2023-11-17,0.07222222222222223
2023-11-18,0.2048881673881674
2023-11-19,0.20509830447330446
2023-11-20,0.08267088174982912
2023-11-21,0.08178195953706158
2023-11-22,0.06597803509424603
2023-11-23,0.08735394715347546
2023-11-24,0.10661018280091557
2023-11-25,0.05259009009009009
2023-11-26,0.15349702380952382
2023-11-27,-0.025
2023-11-28,0.2411815156169995
2023-11-30,0.19569444444444442
2023-12-01,0.14388111888111887
2023-12-02,0.16874999999999998
2023-12-03,0.1084375
2023-12-04,0.1654017857142857
2023-12-05,0.13157958817498291
2023-12-06,0.0576490638990639
2023-12-07,0.13772171831695643
2023-12-08,0.14039421306662686
2023-12-09,0.026866482283148956
2023-12-10,0.19190776815776817
2023-12-11,0.0967136306980057
2023-12-12,0.1993287740628166
2023-12-13,0.04402777777777778
2023-12-14,0.0589506172839506
2023-12-15,0.05055555555555556
2023-12-16,0.08463932980599648
2023-12-17,0.07035353535353535
2023-12-18,0.25022727272727274
2023-12-19,0.179875
2023-12-20,0.08544973544973546
2023-12-21,-0.029166666666666674
2023-12-22,0.24649425287356322
2023-12-23,0.02569444444444445
2023-12-24,0.13815295815295814
2023-12-25,0.25002267573696146
2023-12-26,0.18428111471861472
2023-12-27,0.05520833333333334
2023-12-28,0.12022727272727271
2023-12-29,0.13646264229597563
2023-12-30,0.2024503576134011
2023-12-31,0.2266931216931217
2024-01-01,0.05277777777777778
2024-01-02,0.2102435325091575
2024-01-03,0.10499561646363972
2024-01-04,0.13742665958130917
2024-01-05,0.06952614379084968
2024-01-06,0.26387265512265506
2024-01-07,-0.02321428571428572
2024-01-08,0.02927979671400724
2024-01-09,0.07483907585470086
2024-01-10,0.1437279541446208
2024-01-11,0.12014111898202808
2024-01-12,0.10678440893901421
2024-01-13,0.13055555555555556
2024-01-14,0.1398814398814399
2024-01-15,0.11022818988920684
2024-01-16,0.23283119658119655
2024-01-17,0.0931547619047619
2024-01-18,0.05927385265700482
2024-01-19,-1.586032892321652e-17
2024-01-20,0.07194160449479599
2024-01-21,0.1582869940905655
2024-01-22,0.137
2024-01-23,0.11416666666666667
2024-01-24,0.17456349206349206
2024-01-25,0.015161466885604817
2024-01-26,0.130489417989418
2024-01-27,0.13125
2024-01-28,0.17009920634920633
2024-01-29,0.05361164736164736
2024-01-30,0.017291292418843442
2024-01-31,0.06974001094690749
2024-02-01,0.09056818181818183
2024-02-02,0.06290945165945165
2024-02-03,0.03621775651846407
2024-02-04,0.03148809523809524
2024-02-05,0.06256127450980392
2024-02-06,0.09368515328209207
2024-02-07,0.1254315886134068
2024-02-08,0.14506666666666665
2024-02-09,0.08007224257224256
2024-02-10,0.1371957671957672
2024-02-11,0.15
2024-02-12,-0.008624639249639252
2024-02-13,0.07954686925275162
2024-02-14,0.04833333333333334
2024-02-15,0.110625
2024-02-16,0.1468625415282392
2024-02-17,0.2025545634920635
2024-02-18,0.042636684303350963
2024-02-19,0.04767628205128205
2024-02-20,0.05934744268077602
2024-02-21,0.07460585585585586
2024-02-22,0.0904148508361678
2024-02-23,0.1379930254930255
2024-02-24,0.005934343434343431
2024-02-25,0.07864239196476039
2024-02-26,0.10963464005130671
2024-02-27,0.015707671957671962
2024-02-28,0.13691952418926104
2024-02-29,0.11376272376272377
2024-03-01,0.1539772727272727
2024-03-02,-0.0023569279420343255
2024-03-03,0.10845238095238095
2024-03-04,0.08759285981508204
2024-03-05,0.08103660654160655
2024-03-06,0.06471854473698736
2024-03-07,0.11980646111258356
2024-03-08,0.15644679394679395
2024-03-09,0.057228458049886625
2024-03-10,0.07565542790542791
2024-03-11,0.08843005526967791
2024-03-12,-0.0009928229665071779
2024-03-13,0.11125248015873017
2024-03-14,0.082739898989899
2024-03-15,0.06929365773115773
2024-03-16,0.053436791383219946
2024-03-17,0.1467227438706312
2024-03-18,0.07641313932980599
2024-03-19,0.12547670583384868
2024-03-20,0.07462224831905684
2024-03-21,0.12283971151799021
2024-03-22,0.15746712018140588
2024-03-23,0.0496797052154195
2024-03-24,0.10394088669950739
2024-03-25,0.05380190796857463
2024-03-26,0.030830681735059616
2024-03-27,0.07413663663663664
2024-03-28,0.09512034364812141
2024-03-29,0.06301020408163265
2024-03-30,0.06291249799583132
2024-03-31,0.1796875
2024-04-01,0.11125222816399286
2024-04-02,0.14538521374458874
2024-04-03,0.12001683501683502
2024-04-04,0.049759599967933305
2024-04-05,0.06838235294117646
2024-04-06,0.12573232323232322
2024-04-07,0.15124933862433862
2024-04-08,0.1446388888888889
2024-04-09,0.0931547619047619
2024-04-10,0.09436132561132561
2024-04-11,0.12904831523252575
2024-04-12,0.026634615384615385
2024-04-13,0.14076479076479076
2024-04-14,0.17026570048309178
2024-04-15,0.1288869223925615
2024-04-16,0.013186249137336093
2024-04-17,0.10485284391534393
2024-04-18,0.11566144966144966
2024-04-19,0.08317931547619048
2024-04-20,0.11955460214388787
2024-04-21,0.12367216117216118
2024-04-22,0.1161683999270206
2024-04-23,0.04638989776701641
2024-04-24,0.20811688311688312
2024-04-25,0.11669921875
2024-04-26,0.12280257936507936
2024-04-27,0.02083333333333334
2024-04-28,0.20151916741539383
2024-04-29,0.19182716049382714
2024-04-30,0.12224905303030302
2024-05-01,0.2534455128205128
2024-05-02,0.0741450119474313
2024-05-03,0.09118531327770457
2024-05-04,0.10036164110238184
2024-05-05,0.019318181818181828
2024-05-06,0.1380979938271605
2024-05-07,0.16771242646242646
2024-05-08,0.11987256073277579
2024-05-09,0.006777777777777783
2024-05-10,0.09040260560146923
2024-05-11,-0.027300485008818338
2024-05-12,0.08868551587301587
2024-05-13,0.08169217687074831
2024-05-14,0.03242026748971193
2024-05-15,0.2245944349962207
2024-05-16,0.16888888888888887
2024-05-17,0.1411954365079365
2024-05-18,0.16730367585630745
2024-05-19,0.13545421245421244
2024-05-20,0.09277449625341191
2024-05-21,0.03892633228840126
2024-05-22,0.5
2024-05-23,0.09572769953051644
2024-05-24,0.09629946145124717
2024-05-25,0.14925165112665112
2024-05-26,0.0664186507936508
2024-05-27,0.05338955026455026
2024-05-28,0.085
2024-05-29,0.14859418359418358
2024-05-30,0.11976282761166482
2024-05-31,0.0947442680776014
2024-06-01,0.08517783656672545
2024-06-02,0.12085081585081585
2024-06-03,0.11907657657657658
2024-06-04,0.1449259259259259
2024-06-05,0.1760767330257462
2024-06-06,0.19174933862433863
2024-06-07,0.2269965277777778
2024-06-08,0.10058501683501685
2024-06-09,0.13878220227484933
2024-06-10,0.09122351947407752
2024-06-11,0.08522546897546897
2024-06-12,0.22508190008190007
2024-06-13,0.23249458874458873
2024-06-14,0.1048611111111111
2024-06-15,0.1532604895104895
2024-06-16,0.18998214285714285
2024-06-17,0.23973837009551296
2024-06-18,0.05814393939393939
2024-06-19,0.16995098039215686
2024-06-20,0.10579236111111112
2024-06-21,0.22661829176114892
2024-06-22,0.05083333333333333
2024-06-23,0.10285714285714286
2024-06-24,0.16536375661375663
2024-06-25,0.16071428571428573
2024-06-26,0.11656565656565655
2024-06-27,0.22914583333333333
2024-06-28,0.24041019955654103
2024-06-29,0.17060185185185184
2024-06-30,0.20369747899159663
2024-07-01,0.1464272186147186
2024-07-02,0.16821524064171123
2024-07-03,0.16796536796536796
2024-07-04,0.09999999999999999
2024-07-05,0.15098343685300208
2024-07-06,0.20791666666666667
2024-07-07,0.03643648018648018
2024-07-08,0.07983405483405483
2024-07-09,0.15913843101343103
2024-07-10,0.10973265016233767
2024-07-11,0.14441152597402598
2024-07-12,0.09650559875066454
2024-07-13,0.11321589446589446
2024-07-14,0.10431240981240981
2024-07-15,0.09297559252011307
2024-07-16,0.08078284174366264
2024-07-17,0.10863731856378915
2024-07-18,0.13080669981060605
2024-07-19,0.13626681067470542
2024-07-20,0.17648063426472518
2024-07-21,0.09822575136612023
2024-07-22,0.1944224334441726
2024-07-23,0.2718142361111111
2024-07-24,0.12796114951356885
2024-07-25,0.08891908212560386
2024-07-26,0.09867724867724867
2024-07-27,0.22205125466164427
2024-07-28,0.20280870681605978
2024-07-29,0.10024107352595725
2024-07-30,0.09241780045351473
2024-07-31,0.281875
2024-08-01,0.16287566137566137
2024-08-02,0.09810905612244898
2024-08-03,0.12059325396825396
2024-08-04,0.1715017825311943
2024-08-05,0.03739495798319328
2024-08-06,0.1264922480620155
2024-08-07,0.08590686274509804
2024-08-08,0.15386363636363637
2024-08-09,0.16132698412698412
2024-08-10,0.1684040156466627
2024-08-11,0.17570869408369408
2024-08-12,0.15436814574314575
2024-08-13,0.10675188262553854
2024-08-14,0.20319965032217507
2024-08-15,0.23595730027548212
2024-08-16,0.16
2024-08-17,0.04819444444444445
2024-08-18,0.1836888888888889
2024-08-19,0.24693080357142855
2024-08-20,0.0979750233426704
2024-08-21,0.2099483543417367
2024-08-22,0.24790343915343913
2024-08-23,0.2333210350255805
2024-08-24,0.1402183769513315
2024-08-25,0.21100589225589228
2024-08-26,0.14598792411292413
2024-08-27,0.2859537493158183
2024-08-28,0.08929063360881544
2024-08-29,0.055799603174603175
2024-08-30,0.11986111111111113
2024-08-31,0.2390842490842491
2024-09-01,-0.005480010185892539
2024-09-02,0.13936299081035922
2024-09-03,0.109053361604382
2024-09-04,0.16413656655844155
2024-09-05,0.0930202061667579
2024-09-06,0.18092147874475462
2024-09-07,0.22405764966740574
2024-09-08,0.15175264550264547
2024-09-09,0.06727282937188599
2024-09-10,0.06033422459893048
2024-09-11,0.10491179653679654
2024-09-12,0.11327315332019634
2024-09-13,0.20717231842231842
2024-09-14,0.12240192623913554
2024-09-15,0.20469926538108354
2024-09-16,0.11935855150140864
2024-09-17,0.1034227478870336
2024-09-18,0.11028534137522901
2024-09-19,0.15460434173669468
2024-09-20,0.21052947845804987
2024-09-21,0.15007636270539496
2024-09-22,0.12647747672301243
2024-09-23,0.1557252194497591
2024-09-24,0.17102949134199136
2024-09-25,0.11621118012422361
2024-09-26,0.01658699059561128
2024-09-27,0.13886287688919266
2024-09-28,0.10479834791059281
2024-09-29,0.15384013605442176
2024-09-30,0.1424967884419104
2024-10-01,0.12128273159191527
2024-10-02,0.163332560296846
2024-10-03,0.11144169703491738
2024-10-04,0.16810815672422816
2024-10-05,0.05622358134657697
2024-10-06,0.13066716269841272
2024-10-07,0.10415268019776217
2024-10-08,0.1460673234811166
2024-10-09,0.166840170411599
2024-10-10,0.10913221439369399
2024-10-11,0.12162131971342498
2024-10-12,0.09338578088578088
2024-10-13,0.19396748670069563
2024-10-14,0.16705557764231235
2024-10-15,0.12940380184331798
2024-10-16,0.22941849816849816
2024-10-17,0.13116869918699187
2024-10-18,0.18364398699294532
2024-10-19,0.13308359535982991
2024-10-20,0.1169846888084593
2024-10-21,0.08514337927800539
2024-10-22,0.021911261631089213
2024-10-23,0.05212191358024691
2024-10-24,0.1741039766970618
2024-10-25,0.10319398515579072
2024-10-26,0.11144270081770082
2024-10-27,0.06581043956043955
2024-10-28,0.10418148148148149
2024-10-29,0.1635396547896548
2024-10-30,0.05108360609580122
2024-10-31,0.12141993048243047
2024-11-01,0.1566849123099123
2024-11-02,0.06920841402749298
2024-11-03,0.07858352690669763
2024-11-04,0.12438923395445134
2024-11-05,0.09519270643686531
2024-11-06,0.11586180124223602
2024-11-07,0.16177465391751106
2024-11-08,0.12471094259621657
2024-11-09,0.14028905693462657
2024-11-10,0.1287937488924331
2024-11-11,0.1413441850941851
2024-11-12,0.12653429132595798
2024-11-13,0.1301877836334358
2024-11-14,0.20292579365079366
2024-11-15,0.17669787677600177
2024-11-16,0.09301315809047768
2024-11-17,0.1306616762866763
2024-11-18,0.20767730316558441
2024-11-19,0.1092111391694725
2024-11-20,0.23013419620126935
2024-11-21,0.09210202417879584
2024-11-22,0.09137741774630362
2024-11-23,0.07303289433571124
2024-11-24,0.02070887445887446
2024-11-25,0.1313799603174603
2024-11-26,0.08357192615813305
2024-11-27,0.12323225703959649
2024-11-28,0.18113553113553113
2024-11-29,0.01474002849002849
2024-11-30,0.07248164417282064
2024-12-01,0.17316670715905408
2024-12-02,0.06395349714165045
2024-12-03,0.08564102564102563
2024-12-04,0.10634943181818182
2024-12-05,0.14692357690202518
2024-12-06,0.07174272486772487
2024-12-07,0.11980711271850514
2024-12-08,0.11066350316350317
2024-12-09,0.11311038011695906
2024-12-10,0.1438362418831169
2024-12-11,0.16855112982830373
2024-12-12,0.1822399470899471
2024-12-13,0.1237311627052193
2024-12-14,0.1705328798185941
2024-12-15,0.14862026862026861
2024-12-16,0.23807303807303806
2024-12-17,0.19125724904026792
2024-12-18,0.01952300102394799
2024-12-19,0.18389933850871348
2024-12-20,0.03843252921237802
2024-12-21,0.12258286647992529
2024-12-22,0.0676730815592801
2024-12-23,0.055561434450323334
2024-12-24,0.187406746031746
2024-12-25,0.18536560044893377
2024-12-26,0.10641295702289678
2024-12-27,0.13480687557392101
2024-12-28,0.19271135265700484
2024-12-29,0.22543751330636577
2024-12-30,0.12258643578643579
2024-12-31,0.13738739814107462
2025-01-01,0.08591396866044752
2025-01-02,0.05996495290850129
2025-01-03,0.07043125217694184
2025-01-04,-0.003301716866857709
2025-01-05,0.06395329343858755
2025-01-06,0.08998503637566138
2025-01-07,0.13236748216106015
2025-01-08,0.05009047514482296
2025-01-09,0.0929458519622454
2025-01-10,0.035577360910694245
2025-01-11,0.1103125
2025-01-12,0.06590831915458781
2025-01-13,0.04015495086923658
2025-01-14,0.17882716049382716
2025-01-15,0.10865017361111111
2025-01-16,0.11656488352916924
2025-01-17,0.16352591585764664
2025-01-18,0.1570560515873016
2025-01-19,0.15472450343773872
2025-01-20,0.17758969907407407
2025-01-21,0.202495894909688
2025-01-22,0.09242424242424242
2025-01-23,0.23783585482804234
2025-01-24,0.03964110644257703
2025-01-25,0.18333333333333332
2025-01-26,0.12317620650953984
2025-01-27,0.22043650793650793
2025-01-28,0.24803730583142347
2025-01-29,0.15150711918290044
2025-01-30,-0.003993055555555553
2025-01-31,0.06360739750445632
2025-02-01,0.224446158008658
2025-02-02,0.12306857638888888
2025-02-03,0.07874441276880301
2025-02-04,0.14568639849538725
2025-02-05,0.07647542232671543
2025-02-06,0.08745915032679738
2025-02-07,0.09555944055944056
2025-02-08,0.10342399267399266
2025-02-09,0.05417455808080808
2025-02-10,0.055489840021090024
2025-02-11,0.10024762449290751
2025-02-12,0.015933978117522417
2025-02-13,0.0754214117637413
2025-02-14,0.1794613095238095
2025-02-15,0.09769021739130436
2025-02-16,0.16553030303030303
2025-02-17,0.09521889200866474
2025-02-18,0.11714182263814617
2025-02-19,0.10566547307288048
2025-02-20,0.11085434587057964
2025-02-21,0.12331131831131831
2025-02-22,0.16821810054568676
2025-02-23,0.16985251095864304
2025-02-24,0.15957617961865533
2025-02-25,0.12669538186873955
2025-02-26,0.13491059976179023
2025-02-27,-0.006161289768432627
2025-02-28,0.1094369900932401
2025-03-01,0.1555111111111111
2025-03-02,0.09734589041095891
2025-03-03,0.14685628029378028
2025-03-04,0.055065768443933
2025-03-05,0.13646503646503647
2025-03-06,0.06437495136943666
2025-03-07,0.13571818181818182
2025-03-08,0.1469086021505376
2025-03-09,0.1507968355429293
2025-03-10,0.050943050831443695
2025-03-11,0.13556736383771267
2025-03-12,0.12063725490196078
2025-03-13,0.13031400966183576
2025-03-14,0.028800154320987648
2025-03-15,0.06573637610674649
2025-03-16,0.08583635114885114
2025-03-17,0.09046522556390978
2025-03-18,0.02591727716727717
2025-03-19,0.031243466898954703
2025-03-20,0.059540287392818386
2025-03-21,0.09251443001443001
2025-03-22,0.06829845913063666
2025-03-23,0.06698634364297014
2025-03-24,0.031529982363315695
2025-03-25,0.0732097071909572
2025-03-26,0.09494987247894224
2025-03-27,0.11391063411896744
2025-03-28,0.061241475568150835
2025-03-29,0.08922475991441509
2025-03-30,0.033980795943412766
2025-03-31,0.043120959595959595
2025-04-01,0.05421902931231289
2025-04-02,0.08388247554914223
2025-04-03,0.07183176300823359
2025-04-04,0.1093936011904762
2025-04-05,0.018071338383838387
2025-04-06,0.0935374149659864
2025-04-07,0.06371753246753246
2025-04-08,0.1260227272727273
2025-04-09,-0.032706876456876456
2025-04-10,0.09085966117216118
2025-04-11,0.11580891976240813
2025-04-12,0.11133241758241758
2025-04-13,0.07186666666666666
