,Date,Open,High,Low,Close,Volume,Sentiment,Stock_Return,Sentiment_lag_1
379,2011-12-28,1.932667016983032,1.9493329524993896,1.869333028793335,1.9006669521331787,8628000,0.425,-0.0021001401658143903,0.2
381,2011-12-30,1.8993330001831052,1.932000041007996,1.8833329677581787,1.9040000438690183,5097000,0.19215029761904762,-0.0059169807788371775,0.13594155844155845
385,2012-01-06,1.8133330345153809,1.852666974067688,1.7606669664382937,1.7940000295639038,14794500,0.13472222222222222,-0.041666640133259714,0.43
391,2012-01-17,1.7746670246124268,1.8226670026779173,1.7606669664382937,1.773332953453064,69774000,0.03549382716049382,0.16717858933743024,0.25
399,2012-01-27,1.899999976158142,1.9813330173492432,1.899999976158142,1.95533299446106,11226000,0.49318181818181817,0.06965702873446156,0.09444444444444444
408,2012-02-09,2.1333329677581787,2.19333291053772,2.0953330993652344,2.171999931335449,19156500,0.39285714285714285,0.020356783285285562,0.146780303030303
409,2012-02-10,2.1506669521331787,2.1513330936431885,1.9893330335617063,2.0733330249786377,28113000,0.22142857142857142,-0.04542675390240292,0.39285714285714285
411,2012-02-14,2.115999937057495,2.25266695022583,2.093333005905152,2.211333036422729,27162000,0.0,0.0665595009492086,0.22142857142857142
445,2012-04-03,2.446666955947876,2.564666986465454,2.444667100906372,2.5339999198913574,16471500,0.17159090909090907,0.004227284675403453,-0.08928571428571427
448,2012-04-09,2.273333072662353,2.2860000133514404,2.206666946411133,2.2100000381469727,24835500,-0.03611111111111111,-0.03857318944690924,0.4625
458,2012-04-23,2.190666913986206,2.197999954223633,2.114000082015991,2.129333019256592,13362000,0.10606060606060606,-0.036791556359439426,0.125
463,2012-04-30,2.2179999351501465,2.2239999771118164,2.171999931335449,2.208667039871216,6208500,0.15885416666666666,0.041169472599933865,0.4
479,2012-05-22,2.006666898727417,2.0893330574035645,2.0,2.053333044052124,35493000,0.09027777777777778,0.024617313781581718,-0.19375
509,2012-07-05,2.053999900817871,2.111332893371582,2.053333044052124,2.0820000171661377,18807000,0.45,-0.005730698827137615,0.1
521,2012-07-23,2.069999933242798,2.086667060852051,2.041332960128784,2.0439999103546143,20802000,0.0,-0.08065952383046016,0.47500000000000003
525,2012-07-27,1.9140000343322756,1.9773329496383667,1.8733329772949217,1.9673329591751096,25095000,0.09922619047619048,-0.037508294785689955,0.0
528,2012-08-01,1.866000056266785,1.866000056266785,1.73533296585083,1.75,23884500,0.23229166666666665,-0.04266955777460746,0.1888888888888889
530,2012-08-03,1.7933330535888672,1.8366669416427608,1.78266704082489,1.8179999589920044,18142500,0.27817460317460313,0.038857119424002606,0.23229166666666665
565,2012-09-24,1.9673329591751096,2.068666934967041,1.9600000381469729,2.0439999103546143,19528500,0.0,-0.012560397935594492,0.1875
571,2012-10-02,1.9520000219345093,1.9926669597625728,1.9333330392837524,1.9866670370101929,10935000,0.0,0.021948061297612842,0.0
594,2012-11-06,2.040667057037353,2.0799999237060547,1.9966670274734497,2.076667070388794,34860000,0.875,0.11849191247531587,0.0
606,2012-11-23,2.173332929611206,2.188667058944702,2.113332986831665,2.1419999599456787,6454500,0.14930555555555555,-0.010471325285917765,0.40625
608,2012-11-27,2.1419999599456787,2.177333116531372,2.101332902908325,2.1433329582214355,13662000,-0.19999999999999998,0.0006223147995720879,0.14930555555555555
614,2012-12-05,2.254667043685913,2.2793331146240234,2.2386670112609863,2.24733304977417,9922500,0.25,-0.005604841036521591,0.14545454545454548
619,2012-12-12,2.3473329544067383,2.386667013168335,2.3299999237060547,2.3506669998168945,30957000,0.28500000000000003,-0.0005667509680434835,0.3
663,2013-02-15,2.566667079925537,2.567332983016968,2.4633328914642334,2.4693329334259038,30264000,0.20833333333333334,-0.03214006903611266,0.21428571428571427
664,2013-02-19,2.4906671047210693,2.619333028793335,2.487333059310913,2.618666887283325,40521000,0.25,0.060475423073161005,0.20833333333333334
668,2013-02-25,2.4100000858306885,2.450000047683716,2.2893331050872803,2.2920000553131104,43341000,0.5104166666666666,-0.12474547013083737,0.25
677,2013-03-08,2.5373330116271973,2.629333019256592,2.4906671047210693,2.564666986465454,13681500,0.13796296296296295,0.020695160561990944,0.0
688,2013-03-25,2.4733328819274902,2.568000078201294,2.4513330459594727,2.502000093460083,35682000,-0.1395833333333333,0.04394982267827929,0.010416666666666668
689,2013-03-26,2.532000064849853,2.5480000972747803,2.510667085647583,2.5239999294281006,27123000,0.11878306878306877,0.00879289973870212,-0.1395833333333333
693,2013-04-02,2.9066669940948486,3.0333330631256104,2.9006669521331787,2.9560000896453857,99786000,0.003124999999999991,0.009332921948725703,0.37249999999999994
713,2013-04-30,3.733333110809326,3.878667116165161,3.5840001106262207,3.5993330478668213,82839000,0.05,0.05449222564421219,-0.2333333333333333
715,2013-05-02,3.5899999141693115,3.6846671104431152,3.5799999237060547,3.607332944869995,45756000,0.04643678695436509,0.015577955625148077,0.3668367346938775
722,2013-05-13,5.3993330001831055,5.866666793823242,5.27666711807251,5.853332996368408,336253500,0.11527777777777778,0.26512951280987895,0.012499999999999999
723,2013-05-14,6.281332969665527,6.474667072296143,5.409999847412109,5.549333095550537,557458500,0.15,-0.05193620472412597,0.11527777777777778
730,2013-05-23,5.65399980545044,6.200666904449463,5.536666870117188,6.182000160217285,180333000,0.0825,0.06292987902962643,0.0
738,2013-06-05,6.24399995803833,6.531332969665527,5.940667152404785,6.357999801635742,183372000,0.125,0.03002474851141601,0.10777777777777778
739,2013-06-06,6.349999904632568,6.618000030517578,6.340666770935059,6.489999771118164,142663500,-0.07848888888888889,0.020761241522603058,0.125
741,2013-06-10,6.595333099365234,6.834667205810547,6.571332931518555,6.670000076293945,138429000,0.043181818181818175,0.027735024888108528,-0.07848888888888889
743,2013-06-12,6.453332901000977,6.698667049407959,6.383333206176758,6.51533317565918,137890500,0.075,-0.023188440609539396,0.043181818181818175
750,2013-06-21,6.913332939147949,6.913332939147949,6.5,6.636666774749756,175779000,0.0,-0.010928951263831643,0.0
752,2013-06-25,6.873332977294922,6.946667194366455,6.703332901000977,6.826666831970215,87730500,0.07678571428571428,0.008966455780505589,0.0
761,2013-07-09,8.309332847595215,8.354666709899902,8.12733268737793,8.229999542236328,129049500,0.0,0.047784628753339664,0.21875
791,2013-08-20,9.90999984741211,9.985333442687988,9.800000190734863,9.972000122070312,96273000,1.0,0.053380237988741364,0.0
794,2013-08-23,10.466667175292969,10.81999969482422,10.333333015441896,10.78933334350586,193978500,0.44266666666666665,0.08196281703071806,1.0
816,2013-09-25,12.237333297729492,12.420000076293944,12.033332824707031,12.349332809448242,123790500,0.14999999999999997,0.010087762063480943,0.234375
817,2013-09-26,12.446666717529297,12.645333290100098,12.37399959564209,12.576000213623049,99216000,0.0,0.018354627547278346,0.14999999999999997
841,2013-10-30,10.975333213806152,11.178667068481444,10.54466724395752,10.614666938781738,126027000,0.0,-0.12023425988815972,0.0
862,2013-11-29,8.65133285522461,8.706000328063965,8.465332984924316,8.485333442687988,145743000,-0.25,0.056265640655494886,0.11666666666666665
886,2014-01-06,10.0,10.026666641235352,9.682666778564451,9.800000190734863,80416500,0.25625,-0.054662372617784505,0.55
1162,2015-02-10,14.50333309173584,14.699999809265137,14.333333015441896,14.419333457946776,80857500,-0.018,0.062328146276970475,-0.1
1163,2015-02-11,14.147333145141602,14.315999984741213,13.8186674118042,14.186667442321776,146536500,0.21913461538461537,-0.016135698387415576,-0.018
1322,2015-09-29,16.69733238220215,16.98200035095215,16.36400032043457,16.44333267211914,55548000,0.08409090909090909,-0.03993616681264478,0.55
1325,2015-10-02,15.706666946411133,16.51333236694336,15.661999702453612,16.504667282104492,66360000,0.12301587301587302,-0.003341315556904978,0.16666666666666666
1330,2015-10-09,14.728667259216309,14.958000183105469,14.557332992553713,14.71266746520996,92376000,0.13299999999999998,-0.10857533728277846,0.12301587301587302
1340,2015-10-23,14.333333015441896,14.356666564941406,13.845999717712402,13.939332962036133,63532500,0.10348484848484849,-0.01242211222596079,0.2333333333333333
1342,2015-10-27,14.322667121887209,14.473333358764648,13.833999633789062,14.023332595825195,52791000,0.2,-0.022809699646425985,0.159375
1345,2015-10-30,14.026666641235352,14.108667373657228,13.592666625976562,13.795332908630373,66583500,0.55,-0.022208650663342766,-0.05
1362,2015-11-24,14.357999801635742,14.733332633972168,14.333333015441896,14.550000190734863,37204500,0.11321428571428571,-0.00799957710799204,0.24138888888888888
1369,2015-12-04,15.497332572937012,15.5513334274292,15.177332878112791,15.358667373657228,38604000,0.75,-0.010012412396462889,0.7
1373,2015-12-10,14.980667114257812,15.232666969299316,14.90933322906494,15.137999534606934,31075500,0.125,0.011357503870956798,0.1
1378,2015-12-17,15.595999717712402,15.850666999816896,15.320667266845703,15.559332847595217,49479000,0.0,0.07543077167067946,0.0
1393,2016-01-11,14.267333030700684,14.296667098999023,13.533332824707031,13.856666564941406,61371000,0.050000000000000044,-0.0961078516697389,0.1581542699724518
1394,2016-01-12,14.106666564941406,14.249333381652832,13.687333106994627,13.998000144958496,46378500,0.08,0.01019968109607805,0.050000000000000044
1398,2016-01-19,13.913999557495115,14.031332969665527,13.385333061218262,13.64799976348877,60580500,0.4,-0.025003598931650384,0.08
1411,2016-02-05,11.420000076293944,11.533332824707031,10.515999794006348,10.84000015258789,141564000,-0.4,-0.06271615273224984,-0.016666666666666677
1415,2016-02-11,10.133333206176758,10.883999824523926,9.800000190734863,10.031332969665527,213786000,0.2206349206349206,0.04733064290572564,0.25
1417,2016-02-16,10.579999923706056,10.863332748413086,10.27400016784668,10.344667434692385,83907000,0.25,0.031235576166634305,0.2206349206349206
1419,2016-02-18,11.494667053222656,11.529999732971191,10.98466682434082,11.118000030517578,58314000,0.2963541666666667,-0.011323158733693717,0.0
1426,2016-02-29,12.826666831970217,13.09000015258789,12.614666938781738,12.795332908630373,67485000,-0.0625,0.07223459556923473,0.049999999999999996
1427,2016-03-01,12.949999809265137,13.063332557678224,12.18000030517578,12.423333168029783,100683000,0.19119047619047622,-0.02907308025957478,-0.0625
1433,2016-03-09,13.63466739654541,13.958000183105469,13.519332885742188,13.914667129516602,48129000,0.02499999999999998,0.03820135814622683,0.0
1448,2016-03-31,15.28933334350586,15.82800006866455,15.000666618347168,15.317999839782717,120193500,0.11513347763347764,0.012693337980441255,-0.0012500000000000011
1449,2016-04-01,16.32200050354004,16.52666664123535,15.550000190734863,15.839332580566406,239962500,0.20770833333333333,0.03403399570678434,0.11513347763347764
1450,2016-04-04,16.607999801635742,16.808000564575195,16.242666244506836,16.465999603271484,202129500,0.2141025641025641,0.039563979070301736,0.20770833333333333
1454,2016-04-08,17.366666793823242,17.38800048828125,16.534666061401367,16.67133331298828,110458500,0.17500000000000002,-0.02772166475041915,0.07777777777777778
1455,2016-04-11,16.733333587646484,17.266000747680664,16.35333251953125,16.661333084106445,137425500,0.6388888888888888,-0.0005998457768249255,0.17500000000000002
1469,2016-04-29,16.542667388916016,16.562000274658203,15.854000091552734,16.05066680908203,81207000,0.012499999999999997,-0.042589613032074314,0.050555555555555555
1473,2016-05-05,15.230667114257812,15.242667198181152,13.986000061035156,14.10200023651123,168822000,0.05,-0.12518613509068133,0.2875
1478,2016-05-12,14.095999717712402,14.111332893371582,13.577333450317385,13.8186674118042,54757500,0.17142857142857143,-0.006756422820759611,0.0
1480,2016-05-16,13.876667022705078,14.210000038146973,13.861332893371582,13.88599967956543,44241000,0.07214285714285715,0.004872558674052341,0.17142857142857143
1488,2016-05-26,14.699999809265137,15.017333030700684,14.603333473205566,15.008000373840332,61086000,0.09999999999999999,0.02522997924071091,0.325
1495,2016-06-07,14.815999984741213,15.629332542419434,14.767999649047852,15.489333152770996,93204000,0.125,0.05283668197567204,0.0
1497,2016-06-09,15.665332794189451,15.68866729736328,15.137332916259766,15.290666580200195,67381500,0.0,-0.026154878987485475,0.0
1503,2016-06-17,14.52066707611084,14.666000366210938,14.300000190734863,14.364666938781738,46689000,0.15433333333333335,-0.010243434678423702,0.2112121212121212
1511,2016-06-29,13.675333023071287,14.118666648864746,13.533332824707031,14.012666702270508,89923500,0.15,0.041627392999816326,0.475
1512,2016-06-30,14.197999954223633,14.233332633972168,13.934666633605955,14.152000427246094,72646500,-0.5166666666666667,0.009943412480724279,0.15
1514,2016-07-05,13.982000350952148,14.302666664123535,13.866666793823242,14.26533317565918,77629500,-0.155,0.008008249363453457,-0.5166666666666667
1517,2016-07-08,14.520000457763672,14.654000282287598,14.300000190734863,14.45199966430664,61122000,0.3305555555555555,0.01091215322403416,0.08796296296296297
1519,2016-07-12,14.9399995803833,15.166666984558104,14.881333351135254,14.976667404174805,68569500,0.21875,0.03630416219590571,0.3305555555555555
1520,2016-07-13,15.033332824707031,15.03933334350586,14.685999870300291,14.835332870483398,53506500,0.2857142857142857,-0.009436981531152133,0.21875
1523,2016-07-18,14.642666816711426,15.13933277130127,14.553333282470703,15.083333015441896,51181500,0.16527777777777775,0.026542674288099866,0.10588235294117647
1525,2016-07-20,15.097999572753906,15.31999969482422,15.0,15.223999977111816,38527500,0.0370720188902007,0.013761894071912417,0.03333333333333333
1527,2016-07-22,14.79933261871338,14.966667175292969,14.592000007629396,14.817999839782717,38695500,0.0,0.008027213064534022,0.135
1528,2016-07-25,14.817999839782717,15.425999641418455,14.758000373840332,15.333999633789062,67360500,0.0,0.03482249963460071,0.0
1539,2016-08-09,15.121333122253418,15.435999870300291,15.109999656677246,15.272000312805176,33117000,0.18353174603174602,-0.004043258279938233,0.0
1543,2016-08-15,15.067999839782717,15.300000190734863,14.995332717895508,15.03933334350586,30514500,0.0,0.0030234031823106466,0.27499999999999997
1549,2016-08-23,14.954667091369627,15.232666969299316,14.853333473205566,14.989333152770996,71766000,0.0,0.00856766810594789,0.0
1556,2016-09-01,13.934000015258787,14.07333278656006,13.366666793823242,13.38466739654541,119146500,0.09583333333333333,-0.05301630375559707,0.2017857142857143
1561,2016-09-09,13.272666931152344,13.32800006866455,12.91333293914795,12.964667320251465,56355000,0.0582175925925926,-0.0313791941070084,0.09583333333333333
1567,2016-09-19,13.800000190734863,13.961999893188477,13.666666984558104,13.755999565124512,34492500,0.25,0.00457645297210707,0.14375
1570,2016-09-22,13.760000228881836,13.8186674118042,13.533332824707031,13.76200008392334,35743500,0.12727272727272726,0.005896172409194822,0.16565825667388168
1572,2016-09-26,13.766667366027832,14.06666660308838,13.766667366027832,13.932666778564451,35916000,0.06180555555555556,0.007423489184726018,0.7
1574,2016-09-28,13.833999633789062,13.883333206176758,13.684000015258787,13.751333236694336,31326000,0.08973922902494331,0.002235048163077513,0.1914141414141414
1579,2016-10-05,14.149333000183104,14.210000038146973,13.874667167663574,13.897333145141602,28162500,0.13333333333333333,-0.013953932130380098,0.175
1595,2016-10-27,14.089332580566406,14.24666690826416,13.44333267211914,13.600666999816896,196405500,0.013510101010101007,0.008751979915121444,0.16666666666666666
1599,2016-11-02,12.670000076293944,12.846667289733888,12.500666618347168,12.534667015075684,63801000,0.0,-0.07837850781550382,0.013510101010101007
1601,2016-11-04,12.600000381469728,12.897333145141602,12.397333145141602,12.70400047302246,77190000,0.14513299851190475,0.016753821362995858,0.2847222222222222
1602,2016-11-07,12.906000137329102,12.952667236328123,12.670000076293944,12.880666732788086,58051500,0.5,0.013906348645120525,0.14513299851190475
1614,2016-11-23,12.707332611083984,13.042667388916016,12.600000381469728,12.87600040435791,73378500,-0.15,0.010304965252273535,0.05277777777777778
1619,2016-12-01,12.550000190734863,12.5686674118042,12.06666660308838,12.125332832336426,76896000,0.0,-0.05829974747184841,-0.15
1623,2016-12-07,12.40999984741211,12.893333435058594,12.333333015441896,12.876667022705078,81928500,-0.21666666666666667,0.06196400550465375,0.0
1625,2016-12-09,12.724666595458984,12.922666549682615,12.720666885375977,12.812000274658203,40837500,0.0,-0.0005720111783587001,0.0
1642,2017-01-05,15.094667434692385,15.165332794189451,14.796667098999023,15.116666793823242,88675500,0.0,0.061116558064545856,-0.03333333333333333
1643,2017-01-06,15.128666877746582,15.354000091552734,15.029999732971191,15.267333030700684,82918500,0.0,0.009966895409707854,0.0
1662,2017-02-03,16.79400062561035,16.812000274658203,16.64533233642578,16.755332946777344,32800500,0.0,-0.0008746279419173941,0.0
1667,2017-02-10,17.986000061035156,18.06333351135254,17.74066734313965,17.948667526245117,54295500,-0.009999999999999998,0.00011148636943625334,0.0
1670,2017-02-15,18.666667938232425,18.81599998474121,18.429332733154297,18.65066719055176,74218500,0.6025,0.039111519742630385,-0.009999999999999998
1678,2017-02-28,16.279333114624023,16.733333587646484,16.260000228881836,16.666000366210938,91171500,0.15625,0.015270331412970961,0.325
1695,2017-03-23,17.025999069213867,17.17799949645996,16.886667251586914,16.985332489013672,49803000,0.0,-0.00090202828464514,0.0
1696,2017-03-24,17.046667098999023,17.592666625976562,17.000667572021484,17.54400062561035,84709500,0.06195220344029868,0.03289120992821504,0.0
1701,2017-03-31,18.582000732421875,18.64533233642578,18.42133331298828,18.553333282470703,49419000,0.15383470695970697,0.0013673037946848599,0.3333333333333333
1706,2017-04-07,19.833332061767575,20.179332733154297,19.809999465942383,20.16933250427246,68694000,0.016666666666666666,0.02555921356982105,0.0
1711,2017-04-17,20.18000030517578,20.26666641235352,19.91200065612793,20.09600067138672,62080500,0.15,-0.00842100706126847,0.07500000000000001
1725,2017-05-05,19.86666679382324,20.56999969482422,19.786666870117188,20.55666732788086,122659500,0.13333333333333333,0.04362697085089429,0.85
1727,2017-05-09,20.625333786010746,21.465999603271484,20.606666564941406,21.417333602905277,145147500,0.44999999999999996,0.04186798673621106,0.13333333333333333
1728,2017-05-10,21.437332153320312,21.700000762939453,21.20800018310547,21.68133354187012,86124000,0.19690476190476192,0.012326461540900224,0.44999999999999996
1730,2017-05-12,21.69866752624512,21.799999237060547,21.435333251953125,21.65399932861328,61824000,-0.06477272727272727,0.005292405210798323,-0.010000000000000009
1735,2017-05-19,21.03333282470703,21.100000381469727,20.68000030517578,20.722000122070312,70314000,0.05625000000000001,0.015419297674992283,-0.027314814814814816
1744,2017-06-02,22.65133285522461,22.858667373657227,22.39533233642578,22.656667709350582,83853000,0.6,-0.001527722510787699,0.1654761904761905
1745,2017-06-05,22.56666755676269,23.22933387756348,22.28066635131836,23.15466690063477,101766000,0.19985897435897437,0.021980248714097428,0.6
1746,2017-06-06,22.979999542236328,23.965999603271484,22.6646671295166,23.523332595825195,166302000,0.026495726495726495,0.01592187427150238,0.19985897435897437
1749,2017-06-09,24.961332321166992,25.124666213989254,23.65333366394043,23.821332931518555,258921000,0.10255699855699855,-0.034270336343387164,0.13701790633608815
1752,2017-06-14,25.4060001373291,25.61666679382324,25.08733367919922,25.37733268737793,192276000,0.0,0.012528228772248573,0.15479591836734694
1758,2017-06-22,25.19933319091797,25.666667938232425,24.90466690063477,25.507333755493164,112947000,0.05462962962962962,0.016498465012477537,0.11517857142857142
1760,2017-06-26,25.779333114624023,25.796667098999023,24.87333297729492,25.166000366210938,99061500,0.235,-0.015543088109582714,0.10100308641975309
1765,2017-07-03,24.682666778564453,24.75666618347168,23.433332443237305,23.507999420166016,94581000,0.14492424242424243,-0.02486101754187464,0.09047619047619049
1770,2017-07-11,21.06666755676269,21.818666458129883,20.953332901000977,21.814666748046875,173391000,0.2512231040564374,0.044697068789510075,0.0
1772,2017-07-13,22.007333755493164,22.106666564941406,21.33133316040039,21.560667037963867,128917500,0.10238095238095238,-0.018542123378747166,0.135
1773,2017-07-14,21.54599952697754,21.89466667175293,21.4146671295166,21.851999282836918,84378000,0.09057409147869673,0.013512209263288222,0.10238095238095238
1778,2017-07-21,21.964000701904297,22.083999633789062,21.71999931335449,21.893333435058597,73524000,0.2,-0.004607190366594405,0.015019841269841275
1783,2017-07-28,22.459333419799805,22.63999938964844,22.167333602905277,22.33799934387207,73206000,-0.0020952380952380984,0.001823831604937487,0.0
1785,2017-08-01,21.53333282470703,21.6299991607666,21.07533264160156,21.30466651916504,124546500,0.5,-0.01205677008226358,0.19666666666666668
1786,2017-08-02,21.262666702270508,21.808000564575195,20.74799919128418,21.72599983215332,196372500,0.325,0.019776573954314758,0.5
1801,2017-08-23,22.59933280944824,23.56599998474121,22.553333282470703,23.51799964904785,74317500,0.10698051948051947,0.03345540420719151,0.2
1803,2017-08-25,23.61599922180176,23.71266746520996,23.15333366394043,23.203332901000977,52260000,0.029894179894179893,-0.013379826207269074,0.10698051948051947
1805,2017-08-29,22.631999969482425,23.270000457763672,22.583332061767575,23.15733337402344,61105500,0.14642857142857144,0.004918102123601553,-0.011496527777777779
1814,2017-09-12,24.29933357238769,24.583999633789062,24.02666664123535,24.183332443237305,89593500,0.125,0.05634823831304603,0.0
1823,2017-09-25,23.543333053588867,23.83133316040039,22.858667373657227,22.99933242797852,114088500,0.17250000000000001,-0.07734487036676263,0.325
1826,2017-09-28,22.658666610717773,22.850000381469727,22.36000061035156,22.63999938964844,79794000,0.24285714285714288,-0.00401795135245564,0.05367965367965369
1827,2017-09-29,22.790666580200195,22.978666305541992,22.57333374023437,22.739999771118164,76606500,0.052976190476190475,0.004416978099188729,0.24285714285714288
1831,2017-10-05,23.733333587646484,23.82933235168457,23.42333221435547,23.68866729736328,62575500,0.3220454545454545,0.0009013983077241772,0.0
1835,2017-10-11,23.59266662597656,23.84000015258789,23.40999984741211,23.63999938964844,67512000,-0.19599999999999998,0.034000071079241634,0.0
1840,2017-10-18,23.731332778930664,24.200000762939453,23.608667373657227,23.976667404174805,74086500,-0.16666666666666666,0.025812939364102228,0.30000000000000004
1841,2017-10-19,23.70400047302246,23.809999465942383,23.21333312988281,23.45400047302246,75927000,-0.057692307692307696,-0.021798981582458632,-0.16666666666666666
1846,2017-10-26,21.851999282836918,22.01533317565918,21.546667098999023,21.744667053222656,75352500,-0.318452380952381,-0.03311192788125272,0.075
1854,2017-11-07,20.06800079345703,20.433332443237305,20.00200080871582,20.40333366394043,79414500,-0.16666666666666666,-0.06168562553747792,-0.318452380952381
1858,2017-11-13,20.0086669921875,21.1200008392334,19.94066619873047,21.02666664123535,113773500,0.01785714285714285,0.040958453553772145,0.5
1860,2017-11-15,20.40066719055176,20.832666397094727,20.100000381469727,20.753332138061523,89680500,-0.03898809523809524,-0.012999421536354805,0.01785714285714285
1862,2017-11-17,21.711332321166992,21.777999877929688,20.87666702270508,21.003332138061523,206026500,-0.05,0.012046258323091141,-0.03898809523809524
1866,2017-11-24,20.91933250427246,21.0939998626709,20.733333587646484,21.036666870117188,48661500,0.0,-0.0071111021488146076,0.016666666666666663
1877,2017-12-11,20.97533226013184,21.93400001525879,20.916667938232425,21.92733383178711,119070000,-0.26875,0.04372799282987505,0.0
1881,2017-12-15,22.80266761779785,22.926666259765625,22.38400077819824,22.89666748046875,103998000,-0.4445833333333334,0.016455137466531822,0.014583333333333337
1883,2017-12-19,22.68400001525879,22.766000747680664,22.020000457763672,22.07333374023437,102375000,0.25,-0.035958671319164526,-0.4445833333333334
1884,2017-12-20,22.179332733154297,22.206666946411133,21.66933250427246,21.93199920654297,89307000,0.005357142857142854,-0.006402953688585011,0.25
1892,2018-01-03,21.399999618530277,21.683332443237305,21.036666870117188,21.149999618530277,67822500,0.2541666666666667,0.018001567485176118,0.2
1895,2018-01-08,21.06666755676269,22.468000411987305,21.03333282470703,22.42733383178711,147891000,-0.05,0.06263821959024418,-0.1
1902,2018-01-18,23.044666290283203,23.48666763305664,22.916000366210938,22.971332550048828,85287000,0.0,0.02483487340301327,0.16249999999999998
1923,2018-02-16,22.166667938232425,22.874666213989254,22.10933303833008,22.36599922180176,84639000,-0.13333333333333333,0.06258502057529647,0.07279761904761906
1929,2018-02-27,23.75,23.99933242797852,23.333999633789062,23.39933204650879,71961000,0.07244949494949494,0.013923777790156633,0.08457773707773707
1940,2018-03-14,22.450666427612305,22.65399932861328,21.595333099365234,21.775333404541016,119511000,0.13939393939393938,-0.054643872992477194,1.0
1944,2018-03-20,20.9913330078125,21.083332061767575,20.583999633789062,20.703332901000977,71464500,-0.010606060606060619,-0.00959942757640797,0.0
1945,2018-03-21,20.683332443237305,21.496000289916992,20.679332733154297,21.101999282836918,89376000,-0.16666666666666666,0.019256145072983122,-0.010606060606060619
1947,2018-03-23,20.75,20.75,20.030000686645508,20.1026668548584,99823500,0.006109848484848482,-0.024458090225057294,0.12486225895316805
1949,2018-03-27,20.26666641235352,20.284666061401367,18.478666305541992,18.61199951171875,208080000,0.016666666666666666,-0.08218823758246663,0.0013291396103896121
1955,2018-04-05,19.28933334350586,20.417333602905277,19.21333312988281,20.381332397460938,286816500,0.25,0.06544916484533281,-0.0037037037037037277
1956,2018-04-06,20.06666755676269,20.618667602539062,19.700000762939453,19.953332901000977,202804500,0.11431818181818182,-0.020999583742291605,0.25
1958,2018-04-10,19.93133354187012,20.47333335876465,19.57866668701172,20.31333351135254,164847000,0.155,0.05192293313418306,0.35555555555555557
1961,2018-04-13,20.239999771118164,20.26333236694336,19.73200035095215,20.022666931152344,109908000,0.13240079365079366,0.021286738456213206,0.425
1963,2018-04-17,19.257999420166016,19.47800064086914,18.833999633789062,19.179332733154297,105000000,0.05069444444444445,-0.012087505392479825,-0.03333333333333333
1972,2018-04-30,19.573999404907227,19.915332794189453,19.5,19.59333229064941,63423000,0.0,-0.0006121312704420179,-0.0909090909090909
1977,2018-05-07,19.833332061767575,20.3973331451416,19.67799949645996,20.184667587280277,130173000,-0.125,0.029514774071228267,0.10195484254307784
1990,2018-05-24,18.559999465942383,18.74066734313965,18.326000213623047,18.523332595825195,62650500,0.169060960591133,-0.004371756014124761,0.10597278911564625
1992,2018-05-29,18.567333221435547,19.100000381469727,18.40999984741211,18.917333602905277,84999000,0.18121825396825397,0.01760803914096898,-0.027626262626262627
1997,2018-06-05,19.84666633605957,19.85333251953125,19.11599922180176,19.408666610717773,89928000,0.35,-0.018905466401010762,-0.009375000000000008
2005,2018-06-15,23.589332580566406,24.31133270263672,23.416667938232425,23.87800025939941,162724500,-0.0018379281537176267,0.001257995940245893,0.0
2009,2018-06-21,24.13333320617676,24.41399955749512,23.084667205810547,23.167333602905277,119506500,0.0,-0.0406106959223671,0.05163095238095238
2010,2018-06-22,23.43600082397461,23.483333587646484,22.13333320617676,22.242000579833984,153991500,0.16078125,-0.039941282796361666,0.0
2012,2018-06-26,22.40333366394043,22.90333366394043,21.71999931335449,22.799999237060547,111787500,-0.030227272727272728,0.02699616299368457,0.11164941077441078
2022,2018-07-11,21.053333282470703,21.46266746520996,21.00466728210449,21.263999938964844,73261500,0.1796660052910053,-0.010884699093960615,0.1596230158730159
2026,2018-07-17,20.58733367919922,21.64933204650879,20.56666755676269,21.512666702270508,104943000,0.7,0.01197983295939431,0.273015873015873
2031,2018-07-24,20.294666290283203,20.514667510986328,19.503332138061523,19.82866668701172,143862000,1.0,-0.01903033212777805,0.13027147896195515
2035,2018-07-30,19.726667404174805,19.739999771118164,19.07533264160156,19.344667434692383,102211500,0.06369248035914704,-0.023588372374675926,0.06666666666666667
2055,2018-08-27,21.200000762939453,21.496000289916992,20.58733367919922,21.284666061401367,196189500,0.0,-0.010996885063753514,0.1310185185185185
2058,2018-08-30,20.15066719055176,20.30666732788086,19.847999572753903,20.209999084472656,108250500,0.0,-0.006098187840544389,0.0
2059,2018-08-31,20.13333320617676,20.35400009155273,19.906667709350582,20.11066627502441,80626500,0.2560966810966811,-0.004915032852453871,0.0
2063,2018-09-07,17.34000015258789,17.889999389648438,16.816667556762695,17.549333572387695,337378500,0.16428571428571428,-0.06303609176210712,0.0
2065,2018-09-11,18.631332397460938,18.799999237060547,18.23666763305664,18.62933349609375,137550000,0.3430059523809524,0.06154079408492974,0.16428571428571428
2067,2018-09-13,19.20133209228516,19.666667938232425,19.011999130249023,19.297332763671875,95104500,-0.019999999999999997,-0.003717242227533113,0.2880952380952381
2071,2018-09-19,18.700666427612305,20.0,18.700000762939453,19.934667587280277,124423500,0.15694444444444444,0.0493402960660736,0.1391454991087344
2083,2018-10-05,18.309999465942383,18.32533264160156,17.333332061767578,17.463333129882812,269167500,0.0347594246031746,-0.07053903829718033,0.22884615384615387
2101,2018-10-31,22.16933250427246,22.799999237060547,21.940000534057617,22.488000869750977,114364500,0.12055555555555557,0.007376457810144066,0.24074074074074073
2105,2018-11-06,22.60466766357422,23.253332138061523,22.4060001373291,22.73733329772949,101443500,0.215,-0.015444122588652354,0.10188461538461538
2114,2018-11-19,23.756000518798828,24.450000762939453,23.525333404541016,23.564666748046875,145633500,0.13885515873015875,-0.0023707949075066903,0.22333333333333336
2115,2018-11-20,22.78333282470703,23.31999969482422,22.23666763305664,23.166000366210938,120070500,0.02111111111111111,-0.01691797240752324,0.13885515873015875
2117,2018-11-23,22.290000915527344,22.5,21.703332901000977,21.722000122070312,63039000,0.0,-0.03654747725516738,0.4
2122,2018-11-30,22.788667678833008,23.440000534057617,22.55066680908203,23.365333557128903,84436500,0.1,0.027288440954263304,-0.026762820512820515
2123,2018-12-03,24.0,24.399999618530277,23.46666717529297,23.89933204650879,124597500,-0.039988425925925934,0.022854306277042546,0.1
2128,2018-12-11,24.660667419433597,24.81133270263672,24.01533317565918,24.450666427612305,94632000,0.15746031746031747,0.024555067675653408,0.02500000000000001
2135,2018-12-20,21.803333282470703,22.019332885742188,20.791332244873047,21.025333404541016,136078500,0.13645833333333335,-0.05282757690336404,0.139067932728647
2144,2019-01-04,20.399999618530277,21.200000762939453,20.18199920654297,21.179332733154297,110911500,0.031313131313131314,0.0576973909120706,0.1013888888888889
2146,2019-01-08,22.797332763671875,22.93400001525879,21.801332473754883,22.356666564941406,105127500,0.0,0.0011642764023440666,0.3566666666666667
2148,2019-01-10,22.293333053588867,23.025999069213867,22.119333267211918,22.99799919128418,90846000,0.13666666666666666,0.019023398389568458,0.043520923520923516
2150,2019-01-14,22.82533264160156,22.833332061767575,22.26666641235352,22.293333053588867,78709500,0.425,-0.0370328047095243,0.12916666666666668
2151,2019-01-15,22.333332061767575,23.253332138061523,22.299999237060547,22.96199989318848,90849000,0.5,0.02999402727229117,0.425
2158,2019-01-25,19.625999450683597,19.90133285522461,19.303333282470703,19.80266761779785,108744000,0.22377450980392158,0.03285933474525815,0.021750000000000005
2159,2019-01-28,19.527332305908203,19.83066749572754,19.183332443237305,19.7586669921875,96349500,0.155,-0.0022219544588429896,0.22377450980392158
2163,2019-02-01,20.3613338470459,21.07333374023437,20.233333587646484,20.81399917602539,109251000,0.0935607769423559,0.01690437546773982,0.3062510521885522
2166,2019-02-06,21.30599975585937,21.61599922180176,21.041332244873047,21.14800071716309,75577500,0.0619345238095238,-0.012851945460094383,0.25
2174,2019-02-19,20.437332153320312,20.769332885742188,20.36466789245605,20.375999450683597,62526000,0.0,-0.007275592114103224,0.25
2176,2019-02-21,20.12066650390625,20.215999603271484,19.36666679382324,19.415332794189453,133638000,0.12891369047619047,-0.03744719150082565,-0.0125
2179,2019-02-26,19.481332778930664,20.13400077819824,19.251333236694336,19.857332229614254,128737500,0.2286075036075036,-0.0030458399535450154,0.06666666666666667
2180,2019-02-27,20.118667602539062,21.08666610717773,20.036666870117188,20.982667922973636,167758500,0.03636363636363637,0.056671041222803975,0.2286075036075036
2184,2019-03-05,18.799999237060547,18.933332443237305,18.00666618347168,18.43600082397461,281470500,0.15625,-0.03090829156245878,-0.08333333333333333
2187,2019-03-08,18.46066665649414,19.03933334350586,18.392667770385746,18.94266700744629,132294000,0.13580246913580246,0.02729675994497449,0.30117282519068234
2188,2019-03-11,18.90133285522461,19.41866683959961,18.700000762939453,19.39466667175293,110884500,0.14999999999999997,0.023861458586003748,0.13580246913580246
2198,2019-03-25,17.31399917602539,17.545333862304688,16.964000701904297,17.3613338470459,153225000,0.3333333333333333,-0.015536892576059724,0.34451790633608814
2202,2019-03-29,18.57999992370605,18.67733383178711,18.299999237060547,18.65733337402344,89869500,0.31892091836734693,0.004450491478388718,0.2
2204,2019-04-02,19.21999931335449,19.29599952697754,18.92533302307129,19.058666229248047,82183500,-0.025,-0.01141164041935272,0.10200892857142857
2206,2019-04-04,17.459333419799805,18.07999992370605,17.37266731262207,17.851999282836914,355810500,0.18125000000000002,-0.08234816239503528,0.09108854166666666
2208,2019-04-08,18.512666702270508,18.74399948120117,18.029333114624023,18.21333312988281,156156000,0.049999999999999996,-0.0064009870820076475,0.2322186147186147
2214,2019-04-16,17.71666717529297,18.333332061767575,17.648000717163086,18.224000930786133,109093500,0.19285714285714287,0.026203202008537207,0.14629629629629629
2223,2019-04-30,16.137332916259766,16.28066635131836,15.800000190734863,15.912667274475098,141969000,0.049999999999999996,-0.011512753335668258,0.06437937062937063
2230,2019-05-09,16.133333206176758,16.245332717895508,15.79599952697754,16.131999969482422,100671000,0.0911764705882353,-0.011681069548660883,0.18095238095238095
2231,2019-05-10,15.983332633972168,16.132667541503906,15.73466682434082,15.968000411987305,105124500,0.09000000000000001,-0.010166102021160528,0.0911764705882353
2232,2019-05-13,15.46733283996582,15.498000144958496,14.966667175292969,15.133999824523926,162522000,0.05,-0.052229494360313766,0.09000000000000001
2236,2019-05-17,14.797332763671877,14.815999984741213,13.928000450134276,14.0686674118042,266800500,0.04769570707070706,-0.07576748791335908,0.17760416666666667
2238,2019-05-21,13.184000015258787,13.826666831970217,13.06933307647705,13.67199993133545,270058500,0.24652777777777776,-0.02819509971043377,0.04769570707070706
2241,2019-05-24,13.321999549865724,13.33199977874756,12.583333015441896,12.708666801452637,212049000,0.1643323630392596,-0.02486063325357668,-0.009221938775510205
2248,2019-06-05,13.245332717895508,13.41866683959961,12.789999961853027,13.105999946594238,202662000,0.5,0.01544420373527533,0.09166666666666667
2250,2019-06-07,13.666666984558104,14.055999755859377,13.56666660308838,13.633333206176758,240052500,-0.2,0.0402360187495312,0.5
2251,2019-06-10,14.016667366027832,14.46266746520996,13.934000015258787,14.19200038909912,158775000,0.09654166666666666,0.04097803335938788,-0.2
2253,2019-06-12,14.863332748413086,14.892000198364258,13.93333339691162,13.95066738128662,227962500,0.05208333333333334,-0.03611234292213117,-0.011111111111111112
2255,2019-06-14,14.083333015441896,14.44333267211914,14.026666641235352,14.32800006866455,111501000,-0.018750000000000006,0.004721603986466594,0.1765625
2256,2019-06-17,14.36533260345459,15.133333206176758,14.284667015075684,15.001999855041504,184752000,0.008928571428571428,0.04704074421740101,-0.018750000000000006
2257,2019-06-18,15.248000144958496,15.649333000183104,14.837332725524902,14.982666969299316,190737000,-0.04,-0.0012886872369679558,0.008928571428571428
2262,2019-06-25,14.959333419799805,15.022666931152344,14.63266658782959,14.650667190551758,92731500,0.1303939393939394,-0.0173492693830819,0.06020135214579659
2264,2019-06-27,14.630000114440918,14.859999656677246,14.489999771118164,14.855999946594238,95095500,0.060416666666666674,0.016281291255971775,0.10245614035087719
2265,2019-06-28,14.732666969299316,15.011333465576172,14.720000267028809,14.897333145141602,102771000,0.17797619047619048,0.002782256239630465,0.060416666666666674
2271,2019-07-09,15.264666557312012,15.399999618530272,15.152000427246094,15.337332725524902,92862000,0.0754265873015873,-0.0012156304463569745,0.13755839002267573
2273,2019-07-11,15.87600040435791,16.100000381469727,15.720000267028809,15.90666675567627,112716000,0.4375,-0.0013393830898482673,0.3666666666666667
2275,2019-07-15,16.53333282470703,16.961332321166992,16.323999404907227,16.899999618530273,165001500,0.0,0.034356089485530594,0.1502579365079365
2278,2019-07-18,17.003332138061523,17.049999237060547,16.792667388916016,16.902666091918945,71379000,0.16182859848484848,-0.00517938756868408,0.12715617715617716
2279,2019-07-19,17.04599952697754,17.33066749572754,16.974666595458984,17.211999893188477,105726000,0.18,0.01830088813133579,0.16182859848484848
2281,2019-07-23,17.11400032043457,17.365333557128906,16.96666717529297,17.344667434692383,75346500,0.3625,0.017561027246856264,0.022170344751866494
2284,2019-07-26,15.128000259399414,15.350666999816896,14.81666660308838,15.202667236328123,150415500,0.1005952380952381,-0.003408795800965869,0.031851851851851846
2293,2019-08-08,15.630000114440918,15.986666679382324,15.510000228881836,15.886667251586914,79114500,0.2361111111111111,0.020906599400388748,0.1625
2297,2019-08-14,15.413999557495115,15.43333339691162,14.446000099182127,14.641332626342772,143439000,0.175,-0.06544687260065951,-0.1
2298,2019-08-15,14.723999977111816,14.77066707611084,14.103333473205566,14.37600040435791,122394000,0.03871794871794872,-0.018122136062087235,0.175
2299,2019-08-16,14.444000244140623,14.815999984741213,14.40133285522461,14.662667274475098,76477500,0.03888888888888889,0.01994065540164347,0.03871794871794872
2302,2019-08-21,14.800666809082031,14.881333351135254,14.506667137145996,14.722000122070312,116914500,0.07500000000000001,-0.022270402776456644,0.15553199404761905
2305,2019-08-26,14.239999771118164,14.334667205810549,14.102666854858398,14.333333015441896,75778500,0.07361111111111111,0.01702931215472603,0.5
2306,2019-08-27,14.38266658782959,14.58666706085205,14.135333061218262,14.272000312805176,81243000,0.07692307692307693,-0.004279025860254859,0.07361111111111111
2309,2019-08-30,15.276666641235352,15.496000289916992,14.947333335876465,15.040666580200195,139809000,0.2714285714285714,0.01759049641281729,0.15833333333333333
2310,2019-09-03,14.93866729736328,15.263333320617676,14.87733268737793,15.000666618347168,80311500,0.04677579365079366,-0.0026594540634046204,0.2714285714285714
2313,2019-09-06,15.146666526794434,15.309332847595217,15.011333465576172,15.16333293914795,62841000,0.09285714285714287,-0.009277824735237417,0.025694444444444447
2314,2019-09-09,15.333333015441896,15.583999633789062,15.281999588012695,15.452667236328123,72040500,0.11549242424242424,0.019081180789296326,0.09285714285714287
2320,2019-09-17,16.1646671295166,16.373332977294922,16.024667739868164,16.319332122802734,57981000,0.14390782828282828,0.008154522822672039,0.24547619047619046
2322,2019-09-19,16.399999618530273,16.529333114624023,16.32266616821289,16.440000534057617,71937000,0.20600000000000002,0.012772552981913154,0.09496753246753248
2323,2019-09-20,16.432666778564453,16.463333129882812,15.87733268737793,16.041332244873047,95295000,0.07333333333333335,-0.024249895148037104,0.20600000000000002
2325,2019-09-24,16.101333618164062,16.132667541503906,14.84066677093506,14.880666732788086,193372500,0.2014883290577735,-0.0747005313345035,0.09027777777777778
2326,2019-09-25,14.970666885375977,15.26533317565918,14.557332992553713,15.24666690826416,141406500,0.0625,0.02459568391983602,0.2014883290577735
2332,2019-10-03,15.457332611083984,15.631999969482422,14.95199966430664,15.535332679748535,226267500,0.35868055555555556,-0.041541666813759925,0.028199404761904773
2337,2019-10-10,16.351999282836914,16.618667602539062,16.10533332824707,16.31599998474121,94249500,0.22698412698412698,0.0008587865860343324,0.010416666666666666
2344,2019-10-21,17.222000122070312,17.299999237060547,16.678667068481445,16.899999618530273,75304500,0.20210437710437712,-0.032331951621331956,-0.08166666666666667
2351,2019-10-30,20.86666679382324,21.252666473388672,20.6646671295166,21.000667572021484,144627000,0.16477248677248676,-0.0038263988223681267,0.5
2357,2019-11-07,21.94266700744629,22.76666641235352,21.868000030517575,22.369333267211918,217009500,0.10252525252525252,0.02743587753370691,0.06388888888888888
2359,2019-11-11,22.93000030517578,23.279333114624023,22.799999237060547,23.006000518798828,149800500,0.0,0.02358073903734903,0.03160493827160494
2361,2019-11-13,23.666667938232425,23.755332946777344,23.011999130249023,23.073999404907227,126301500,0.32386363636363635,-0.010916495379750035,0.0
2363,2019-11-15,23.375999450683597,23.520000457763672,23.224000930786133,23.47800064086914,72135000,0.2785714285714285,0.008072121852793046,0.07698412698412699
2366,2019-11-20,24.0,24.07999992370605,23.30466651916504,23.481332778930664,100876500,-0.05555555555555555,-0.020304890883314552,0.27936507936507937
2374,2019-12-03,22.17466735839844,22.527332305908203,22.145999908447266,22.413333892822266,98605500,-0.01190476190476191,0.003971701615311352,0.1
2378,2019-12-09,22.439332962036133,22.96333312988281,22.338666915893555,22.635332107543945,135346500,0.625,0.019517721366961283,0.0
2382,2019-12-13,24.06999969482422,24.34733390808105,23.642667770385746,23.892667770385746,98563500,0.32,-0.0035864603168680453,0.0855701754385965
2385,2019-12-18,25.375333786010746,26.347999572753903,25.371999740600582,26.209999084472656,211815000,0.12035714285714287,0.03736239645598238,0.325
2387,2019-12-20,27.3526668548584,27.53333282470703,26.679332733154297,27.03933334350586,221290500,0.029722222222222216,0.003836223506470837,0.059895833333333336
2390,2019-12-26,28.527332305908203,28.898666381835938,28.42333221435547,28.72933387756348,159508500,0.17968887085137086,0.013380370052541446,0.10024565381708239
2397,2020-01-07,30.76000022888184,31.441999435424805,30.224000930786133,31.270666122436523,268231500,0.10208333333333333,0.03880052465815398,0.0
2409,2020-01-24,38.04199981689453,38.25733184814453,36.95066833496094,37.654666900634766,215304000,0.05,-0.012897603180825445,0.12142857142857143
2410,2020-01-27,36.13266754150391,37.62933349609375,35.95199966430664,37.20133209228516,204121500,-0.025000000000000005,-0.012039272835579373,0.05
2415,2020-02-03,44.91266632080078,52.40933227539063,44.90133285522461,52.0,705975000,0.05036574074074074,0.19894859376394924,0.08174019607843137
2419,2020-02-07,48.70333480834961,51.31666564941406,48.66666793823242,49.87133407592773,255952500,0.2676587301587302,-0.001188323805631386,0.12506060606060607
2423,2020-02-13,49.45600128173828,54.53333282470703,49.0,53.59999847412109,394339500,-0.08,0.0478436525517798,0.1178125
2424,2020-02-14,52.4813346862793,54.198001861572266,52.36666870117188,53.33533477783203,235405500,0.035590277777777776,-0.00493775566834842,-0.08
2428,2020-02-21,60.46533203125,60.87066650390625,58.6966667175293,60.06666564941406,214722000,-0.00541666666666666,0.0017678087791648256,0.08559056712962962
2430,2020-02-25,56.59999847412109,57.106666564941406,52.46666717529297,53.32733154296875,259357500,0.1386904761904762,-0.1121975730395991,-0.00541666666666666
2433,2020-02-28,41.97999954223633,46.03466796875,40.76800155639648,44.53266525268555,363343500,0.029166666666666667,-0.016215047800994253,0.05
2434,2020-03-02,47.41733169555664,49.5793342590332,45.77799987792969,49.574668884277344,302925000,-0.04833333333333333,0.11322034293215233,0.029166666666666667
2437,2020-03-05,48.2513313293457,49.71666717529297,47.87133407592773,48.30266571044922,162790500,0.13636363636363635,-0.033302230445070524,0.1302020202020202
2441,2020-03-11,42.68000030517578,43.571998596191406,40.86666870117188,42.28200149536133,199837500,0.10625,-0.017200452670558586,0.16226851851851853
2447,2020-03-19,24.979999542236328,30.13333320617676,23.8973331451416,28.50933265686035,452932500,0.10660419126328216,0.1838768421567878,0.14168269230769232
2451,2020-03-25,36.34999847412109,37.133331298828125,34.07400131225586,35.95000076293945,318340500,0.10555555555555554,0.06782176450892674,0.16133257747543464
2452,2020-03-26,36.49266815185547,37.33333206176758,34.150001525878906,35.21066665649414,260710500,0.05555555555555555,-0.020565621439638027,0.10555555555555554
2455,2020-03-31,33.41666793823242,36.19733428955078,33.133331298828125,34.93333435058594,266572500,0.09623809523809523,0.04355446239344318,0.05555555555555555
2456,2020-04-01,33.599998474121094,34.26333236694336,31.67333221435547,32.104000091552734,200298000,0.131125,-0.08099239055277141,0.09623809523809523
2458,2020-04-03,33.96666717529297,34.36600112915039,31.22599983215332,32.000667572021484,338431500,0.1262313988095238,0.05619734693587186,0.12666666666666668
2459,2020-04-06,34.08000183105469,34.733333587646484,33.19733428955078,34.41600036621094,223527000,0.2326923076923077,0.0754775752334993,0.1262313988095238
2464,2020-04-14,46.59799957275391,49.45866775512695,46.1619987487793,47.32600021362305,458647500,0.2797222222222222,0.09054457315006381,0.05714285714285715
2469,2020-04-21,48.67466735839844,50.22200012207031,44.91933441162109,45.78133392333984,303136500,0.128125,-0.0799077799617377,0.16765625
2472,2020-04-24,47.387332916259766,48.71533203125,46.54533386230469,48.34333419799805,198180000,0.17505580357142858,0.02766324531628772,0.12409999999999999
2473,2020-04-27,49.17399978637695,53.29933166503906,49.0,53.25,310221000,0.16631944444444444,0.10149622245552825,0.17505580357142858
2478,2020-05-04,46.73333358764648,50.79999923706055,46.53333282470703,50.74599838256836,288556500,0.08821428571428572,0.08536758793631605,0.11289021164021164
2479,2020-05-05,52.65266799926758,53.26133346557617,50.8120002746582,51.2140007019043,254875500,0.15732954545454544,0.009222447764407393,0.08821428571428572
2486,2020-05-14,52.0,53.55733489990234,50.93333435058594,53.55533218383789,205233000,0.20625,0.01563919280204029,0.22113095238095237
2493,2020-05-26,55.633331298828125,55.63999938964844,54.38066864013672,54.5913314819336,121345500,0.3071428571428571,0.0024360442933193394,0.15664335664335666
2496,2020-05-29,53.91666793823242,55.66666793823242,53.61399841308594,55.66666793823242,176467500,0.2435185185185185,0.01800718236306964,0.17500000000000002
2508,2020-06-16,67.4566650390625,67.52532958984375,64.15933227539062,65.47533416748047,210766500,0.07408333333333333,-0.008850490655781473,0.1310062358276644
2509,2020-06-17,65.84733581542969,67.0,65.50466918945312,66.11933135986328,148362000,0.0,0.009835722116904755,0.07408333333333333
2510,2020-06-18,66.86666870117188,67.94667053222656,66.2979965209961,66.9306640625,146278500,0.03333333333333333,0.012270733625858066,0.0
2513,2020-06-23,66.59200286865234,67.46666717529297,66.267333984375,66.78533172607422,95479500,0.035208333333333335,0.0075025599927995845,0.049999999999999996
2518,2020-06-30,67.0999984741211,72.51266479492188,66.91533660888672,71.98733520507812,253777500,0.15660443722943723,0.0698073149894527,0.07137445887445887
2522,2020-07-07,93.6673355102539,95.3000030517578,89.11399841308594,92.65733337402344,322345500,0.00833333333333334,0.013327688522591696,0.16428571428571428
2527,2020-07-14,103.73332977294922,106.0,95.4000015258789,101.12000274658205,351271500,0.17065476190476192,0.013185863099901995,0.1505873015873016
2528,2020-07-15,102.86666870117188,103.33333587646484,97.13333129882812,103.06732940673828,245517000,0.09453914141414141,0.019257581163604653,0.17065476190476192
2540,2020-07-31,101.0,101.13666534423828,94.73200225830078,95.38400268554688,183123000,0.2611111111111111,-0.03813804798718812,0.21314516129032257
2547,2020-08-11,93.06666564941406,94.66666412353516,91.0,91.6259994506836,129387000,0.05037878787878788,-0.053913061425838626,0.20456349206349206
2549,2020-08-13,107.4000015258789,110.07866668701172,104.48400115966795,108.06666564941406,306379500,0.06156462585034015,0.042604650478076156,0.0
2550,2020-08-14,110.99933624267578,111.25333404541016,108.44266510009766,110.04733276367188,188664000,0.20414021164021165,0.01832819678811437,0.06156462585034015
2552,2020-08-18,126.59933471679688,128.25999450683594,123.00733184814452,125.80599975585938,247117500,0.03494318181818182,0.028028374195693928,0.055048500881834224
2553,2020-08-19,124.33333587646484,127.4000015258789,122.74732971191406,125.23533630371094,183079500,0.05861283643892339,-0.004536059116861502,0.03494318181818182
2555,2020-08-21,136.3173370361328,139.69932556152344,135.00332641601562,136.6653289794922,322344000,-0.0027777777777777727,0.024052926729070556,0.041489898989898986
2559,2020-08-27,145.36399841308594,153.0399932861328,142.8333282470703,149.25,355395000,0.11124999999999999,0.039746079206424145,0.08626893939393938
2562,2020-09-01,167.3800048828125,167.49667358398438,156.836669921875,158.35000610351562,269523300,-0.0325,-0.04669690804684601,0.08499999999999999
2564,2020-09-03,135.7433319091797,143.93333435058594,134.0,135.6666717529297,262788300,0.16527777777777777,-0.09023849203316048,0.1
2566,2020-09-08,118.66666412353516,122.913330078125,109.95999908447266,110.06999969482422,346397100,0.0,-0.21062824320390794,0.23500000000000001
2567,2020-09-09,118.86666870117188,123.0,113.836669921875,122.09333038330078,238397400,-0.014537037037037046,0.10923349433825735,0.0
2569,2020-09-11,127.3133316040039,127.5,120.16666412353516,124.23999786376952,182152500,0.2791666666666667,0.003716263443279244,0.2360586383313656
2570,2020-09-14,126.98332977294922,140.0,124.43333435058594,139.8733367919922,249061800,0.37152777777777773,0.1258317707423402,0.2791666666666667
2573,2020-09-17,138.53334045410156,145.92999267578125,136.0,141.14332580566406,230337600,-0.06666666666666665,-0.04149312452942333,0.10757575757575757
2576,2020-09-22,143.1999969482422,145.9199981689453,139.1999969482422,141.41000366210938,238742400,0.06445454545454546,-0.055986946823462835,0.27652777777777776
2577,2020-09-23,135.05332946777344,137.38333129882812,125.2933349609375,126.7866668701172,285222600,0.08948963844797177,-0.10341090738483927,0.06445454545454546
2589,2020-10-09,143.3766632080078,144.8633270263672,142.15333557128906,144.6666717529297,86777100,0.20809027777777778,0.01897077543397918,0.1660482374768089
2590,2020-10-12,147.3333282470703,149.5800018310547,146.19332885742188,147.43333435058594,116373300,0.12152618016903731,0.01912439516394837,0.20809027777777778
2592,2020-10-14,149.92666625976562,155.3000030517578,149.11666870117188,153.76666259765625,143639100,0.12618288144603934,0.032799718116372834,0.0228968253968254
2598,2020-10-22,147.30667114257812,148.41000366210938,141.50332641601562,141.92999267578125,119979600,0.1551359372950282,0.007453064711647084,0.01804232804232804
2599,2020-10-23,140.6133270263672,140.9633331298828,135.7933349609375,140.2100067138672,101151000,0.3053571428571428,-0.012118551755604834,0.1551359372950282
2600,2020-10-26,137.2100067138672,141.9199981689453,136.6666717529297,140.0933380126953,84717600,0.0,-0.0008320996760948773,0.3053571428571428
2602,2020-10-28,138.82666015625,139.53334045410156,135.3333282470703,135.33999633789062,76354200,0.2904356060606061,-0.043938975190562446,0.2300595238095238
2611,2020-11-10,140.02999877929688,140.02999877929688,132.00999450683594,136.7866668701172,90852600,0.25,-0.02587474253102262,0.13
2615,2020-11-16,136.30999755859375,137.48333740234375,134.69667053222656,136.02999877929688,80515800,0.08955627705627706,-0.0010037182511209997,0.09304939000393544
2617,2020-11-18,149.4499969482422,165.3333282470703,147.8333282470703,162.2133331298828,234132000,0.0896456349206349,0.10196775866118779,0.14070002939447385
2620,2020-11-23,167.8333282470703,175.3333282470703,167.26333618164062,173.9499969482422,150780900,0.15833333333333333,0.06584827501609536,0.13323148148148148
2621,2020-11-24,180.13333129882812,186.663330078125,175.39999389648438,185.1266632080078,160945500,0.09330965909090909,0.06425217853318599,0.15833333333333333
2631,2020-12-09,217.89666748046875,218.10667419433597,196.0,201.4933319091797,213873600,0.35625,-0.06985904262531573,0.02013888888888889
2633,2020-12-11,205.0033264160156,208.0,198.93333435058597,203.3300018310547,139425000,0.0,-0.027237767375868138,0.26219308035714284
2635,2020-12-15,214.4266662597656,215.63333129882807,207.93333435058597,211.0833282470703,135214500,0.19154220779220782,-0.010284031966116491,0.011874999999999998
2640,2020-12-22,216.0,216.6266632080078,204.7433319091797,213.44667053222656,155148000,-0.030555555555555555,-0.01464926902636221,0.0005555555555555536
2641,2020-12-23,210.73333740234372,217.1666717529297,207.52333068847656,215.32666015625,99519000,0.09999999999999998,0.008807772074100217,-0.030555555555555555
2643,2020-12-28,224.836669921875,227.13333129882807,220.26666259765625,221.22999572753903,96835800,0.13333333333333333,0.002901307404113096,-0.029340277777777785
2644,2020-12-29,220.3333282470703,223.3000030517578,218.3333282470703,221.9966735839844,68732400,0.09902777777777777,0.003465523985226593,0.13333333333333333
2647,2021-01-04,239.82000732421875,248.163330078125,239.06333923339844,243.2566680908203,145914600,0.03154761904761905,0.03415197180829077,0.35000000000000003
2654,2021-01-13,284.2533264160156,286.8233337402344,277.3333435058594,284.8033447265625,99937500,0.20608866442199775,0.005850950889994211,0.019444444444444445
2655,2021-01-14,281.1300048828125,287.6666564941406,279.5833435058594,281.6666564941406,93798900,0.06148989898989898,-0.011013523157297866,0.20608866442199775
2658,2021-01-20,286.2466735839844,286.5,279.09332275390625,283.4833374023437,76997700,0.25,0.029401132773410943,0.34093822843822846
2661,2021-01-25,285.0,300.1333312988281,279.6066589355469,293.6000061035156,123520200,-0.054861111111111104,0.04034780611460387,0.17312499999999997
2665,2021-01-29,276.6666564941406,280.8033447265625,260.0333251953125,264.510009765625,104972400,0.16133207070707073,-0.05015373491403896,0.0884891574474908
2671,2021-02-08,289.8900146484375,292.5899963378906,284.9166564941406,287.8066711425781,60485100,0.016875,0.0131302972383458,0.16785714285714287
2680,2021-02-22,254.2133331298828,256.1666564941406,236.73333740234372,238.1666717529297,111809100,0.10555555555555556,-0.08549845855559934,0.05690035273368607
2684,2021-02-26,233.3333282470703,235.5666656494141,219.836669921875,225.1666717529297,123267600,0.0,-0.009850152211020369,0.08540032679738563
2689,2021-03-05,208.6866607666016,209.27999877929688,179.8300018310547,199.3166656494141,268189500,0.0,-0.03779931353128296,0.10396464646464647
2696,2021-03-16,234.4499969482422,235.97332763671875,223.6666717529297,225.6266632080078,96587100,0.14285714285714285,-0.04387377195940423,0.0
2703,2021-03-25,204.3333282470703,215.1666717529297,203.1666717529297,213.4633331298828,117674700,0.1318181818181818,0.016056627401557888,0.053703703703703705
2708,2021-04-01,229.4566650390625,230.80667114257807,219.80667114257807,220.5833282470703,105895200,0.1625,-0.009252455923120073,0.31785714285714284
2709,2021-04-05,235.90333557128903,236.05332946777344,228.23333740234372,230.3500061035156,125528400,0.3117095057720058,0.04427659122771899,0.1625
2712,2021-04-08,225.7933349609375,229.8500061035156,223.88333129882807,227.93333435058597,71772900,0.145,0.01912159613436426,0.12340277777777779
2713,2021-04-09,225.92333984375,226.9900054931641,223.1433258056641,225.67333984375,64311300,0.10612789987789989,-0.00991515573303492,0.145
2715,2021-04-13,237.5666656494141,254.3333282470703,236.8866729736328,254.10667419433597,133958400,-0.21666666666666667,0.12599332455607049,0.10612789987789989
2719,2021-04-19,239.86666870117188,241.8000030517578,230.6000061035156,238.2100067138672,119058600,0.15083333333333332,-0.03399658468630862,0.0036904761904761906
2721,2021-04-21,234.92333984375,248.27999877929688,232.6666717529297,248.0399932861328,93646500,0.10208333333333333,0.034951793439894185,0.3553977272727273
2722,2021-04-22,247.1666717529297,251.2566680908203,239.3466644287109,239.89666748046875,106770900,0.16341840277777778,-0.03283069676699324,0.10208333333333333
2725,2021-04-27,239.32000732421875,241.3333282470703,234.4499969482422,234.913330078125,88311000,0.1005832130832131,-0.045326479073682924,0.2168771043771044
2730,2021-05-04,226.31333923339844,227.8166656494141,219.23333740234372,224.5333404541016,89217900,0.07250000000000001,-0.01649874089928194,0.3078703703703704
2733,2021-05-07,221.93333435058597,230.0,220.0733337402344,224.1233367919922,70407600,0.07083333333333333,0.013307460953421169,0.0875
2734,2021-05-10,221.63333129882807,221.68333435058597,209.20333862304688,209.67999267578125,94177200,0.15,-0.06444373139784076,0.07083333333333333
2736,2021-05-12,200.8300018310547,206.80332946777344,195.58999633789065,196.6300048828125,101470800,0.08324404761904762,-0.0442482129268541,0.0625
2740,2021-05-18,189.3333282470703,198.75,187.7933349609375,192.6233367919922,110491800,0.12916666666666665,0.0018029458511532592,0.0
2742,2021-05-20,191.6666717529297,196.2833404541016,190.35667419433597,195.5933380126953,92463300,0.1393695987654321,0.04138712802336375,0.20892857142857144
2758,2021-06-14,204.07666015625,208.4966735839844,203.05999755859372,205.89666748046875,61272000,0.152245670995671,0.012789221849023313,0.32818877551020403
2759,2021-06-15,205.56333923339844,205.5966644287109,199.41000366210935,199.7866668701172,53292300,0.0040555555555555674,-0.029675082579620482,0.152245670995671
2766,2021-06-24,224.9966735839844,232.5399932861328,222.5366668701172,226.60667419433597,137947200,0.12374999999999999,0.035411302984154513,0.09375
2768,2021-06-28,223.8800048828125,231.5666656494141,223.44000244140625,229.5733337402344,64884600,0.22725694444444444,0.025079265670402195,0.09510722993481614
2777,2021-07-12,220.73333740234372,229.0800018310547,220.72000122070312,228.5666656494141,77781000,0.20416666666666666,0.043762819403298625,0.0470314110492682
2778,2021-07-13,228.77333068847656,231.0933380126953,222.1000061035156,222.8466644287109,62898300,0.14666666666666667,-0.025025526817094024,0.20416666666666666
2783,2021-07-20,217.3300018310547,220.79666137695312,213.5,220.1666717529297,46461300,0.3076578282828283,0.02209778342837665,0.28727272727272724
2786,2021-07-23,215.45333862304688,216.26666259765625,212.43333435058597,214.4600067138672,43814700,0.2427777777777778,-0.009056424875986235,0.0453125
2789,2021-07-28,215.6666717529297,218.3233337402344,213.13333129882807,215.66000366210935,48019800,0.1729166666666667,0.0034120354402995545,0.3083712121212121
2792,2021-08-02,233.3333282470703,242.31333923339844,232.8000030517578,236.55667114257807,100847400,-0.05121882086167801,0.032697928666004294,0.05358291562238931
2794,2021-08-04,237.0,241.63333129882807,236.30999755859372,236.97332763671875,51007800,0.24899999999999997,0.001662548831768751,0.21909722222222225
2797,2021-08-09,236.72332763671875,239.6766662597656,235.0433349609375,237.9199981689453,44145900,0.0,0.020969779282746792,0.12137828711692347
2803,2021-08-17,224.22000122070312,224.8600006103516,216.27999877929688,221.90333557128903,71163900,1.0,-0.02981764971635037,0.8
2809,2021-08-25,235.6766662597656,238.9900054931641,234.6666717529297,237.0666656494141,37936800,0.21875,0.0038250458739308435,0.209280303030303
2812,2021-08-30,238.2400054931641,243.6666717529297,237.57666015625,243.6366729736328,55812600,0.10411764705882354,0.026674352644943333,0.20025252525252524
2826,2021-09-20,244.85333251953125,247.3333282470703,239.5399932861328,243.38999938964844,74273100,0.2903409090909091,-0.03860484330594227,0.25150635822510825
2829,2021-09-23,251.6666717529297,252.73333740234372,249.30667114257807,251.2133331298828,35842500,0.0,0.00226081461648886,0.09502719502719503
2832,2021-09-28,262.3999938964844,265.2133178710937,255.3933258056641,259.1866760253906,76144200,-0.15141369047619047,-0.01743835612317879,-0.02326388888888889
2834,2021-09-30,260.3333435058594,263.0433349609375,258.3333435058594,258.49334716796875,53868000,0.53125,-0.0074618094773734045,0.35000000000000003
2837,2021-10-05,261.6000061035156,265.7699890136719,258.0666809082031,260.1966552734375,55297800,0.0,-0.001202850103416031,-0.016666666666666673
2841,2021-10-11,262.54998779296875,267.0799865722656,261.8333435058594,263.9800109863281,42600900,0.12797619047619047,0.008211528565575943,0.14618055555555556
2842,2021-10-12,266.9766540527344,270.7733459472656,265.5233459472656,268.5733337402344,66060000,0.03559027777777778,0.01740026730336086,0.12797619047619047
2846,2021-10-18,283.92999267578125,291.7533264160156,283.8233337402344,290.03668212890625,72621600,0.5666666666666667,0.03212224493643445,0.053125000000000006
2849,2021-10-21,285.3333435058594,300.0,285.1666564941406,298.0,94444500,0.08333333333333333,0.03257101073349511,0.1171875
2852,2021-10-26,341.5633239746094,364.9800109863281,333.8133239746094,339.4766540527344,187245000,0.16517857142857142,-0.006274050392506725,0.05777183600713012
2856,2021-11-01,381.6666564941406,403.25,372.88665771484375,402.86334228515625,168146100,0.15750403025793652,0.0849102277797451,0.029870129870129863
2868,2021-11-17,354.5033264160156,373.21331787109375,351.8333435058594,363.0033264160156,94336200,0.1391765873015873,0.032501208284666294,0.13000000000000003
2876,2021-11-30,381.4566650390625,389.3333435058594,372.6666564941406,381.586669921875,81276000,0.10797453703703704,0.006833823403773698,0.08519991582491582
2879,2021-12-03,361.5966796875,363.5266723632813,333.4033203125,338.3233337402344,92322000,0.141875,-0.06419876077133224,0.013798701298701298
2880,2021-12-06,333.836669921875,340.5466613769531,316.8333435058594,336.336669921875,81663000,0.30147569444444444,-0.005872086315763081,0.141875
2882,2021-12-08,350.9033203125,357.4599914550781,344.3333435058594,356.32000732421875,41906400,0.08126361655773419,0.016363195584229162,0.06356074481074481
2884,2021-12-10,336.25,340.32666015625,327.510009765625,339.010009765625,59664300,0.03840702947845805,0.013179927022311633,0.20583333333333337
2885,2021-12-13,333.6966552734375,335.0,317.1400146484375,322.1366577148437,78595500,0.07115384615384615,-0.04977243020772959,0.03840702947845805
2890,2021-12-20,303.5666809082031,307.2300109863281,297.7966613769531,299.9800109863281,56480100,0.025876623376623373,-0.03498927121736173,0.14858333333333335
2893,2021-12-23,335.6000061035156,357.6600036621094,332.5199890136719,355.6666564941406,92713200,0.2823611111111111,0.05761886305530961,0.08154761904761905
2898,2021-12-31,357.8133239746094,360.6666564941406,351.5299987792969,352.260009765625,40733700,0.0,-0.012668840823859995,0.065
2902,2022-01-06,359.0,362.6666564941406,340.1666564941406,354.8999938964844,90336600,0.27999999999999997,-0.02152337383085412,0.0
2904,2022-01-10,333.3333435058594,353.0333251953125,326.6666564941406,352.7066650390625,91815000,0.07142857142857142,0.03034195341380186,0.00011904761904761817
2906,2022-01-12,359.6166687011719,371.61334228515625,357.5299987792969,368.739990234375,83739000,0.4333333333333333,0.039289748931841784,0.25833333333333336
2909,2022-01-18,342.2033386230469,356.92999267578125,338.6866760253906,343.5033264160156,66743400,0.11444444444444443,-0.01819724123253097,0.0
2915,2022-01-26,317.4766540527344,329.2300109863281,302.0,312.4700012207031,104867400,0.09791666666666667,0.02069905258271132,0.17572337962962964
2917,2022-01-28,277.1866760253906,285.8333435058594,264.0033264160156,282.1166687011719,134789100,0.07336111111111113,0.020805692766870276,0.053042328042328044
2918,2022-01-31,290.9033203125,312.663330078125,287.3500061035156,312.239990234375,104436000,0.0,0.10677611383930952,0.07336111111111113
2920,2022-02-02,309.3933410644531,310.5,296.4700012207031,301.8866577148437,66792900,0.09234126984126984,-0.027479191598914543,0.05498015873015873
2923,2022-02-07,307.92999267578125,315.92333984375,300.9033203125,302.4466552734375,60994500,0.0885823925529808,-0.01730718642133755,0.13333333333333333
2932,2022-02-18,295.3333435058594,295.6233215332031,279.2033386230469,285.6600036621094,68501700,0.07658730158730159,-0.022103035296720752,0.12111111111111111
2934,2022-02-23,276.8099975585937,278.4333190917969,253.5200042724609,254.67999267578125,95256900,0.07794312169312169,-0.06997917599526948,0.0801046176046176
2940,2022-03-03,292.92333984375,295.4800109863281,277.5333251953125,279.7633361816406,61623600,0.08359649122807018,-0.04614210448825773,0.0961062969924812
2942,2022-03-07,285.4333190917969,288.7133178710937,268.19000244140625,268.1933288574219,72494100,0.125,-0.04021280504200253,-9.25185853854297e-18
2943,2022-03-08,265.1766662597656,283.3299865722656,260.72332763671875,274.79998779296875,80399100,-0.275,0.02463394210323222,0.125
2946,2022-03-11,280.0666809082031,281.26666259765625,264.5899963378906,265.1166687011719,67037100,0.10085227272727272,-0.0512345859010529,0.0
2947,2022-03-14,260.2033386230469,266.8999938964844,252.01333618164065,255.4566650390625,71152200,0.009975274725274727,-0.036436802368687404,0.10085227272727272
2948,2022-03-15,258.42333984375,268.5233459472656,252.19000244140625,267.2966613769531,66841200,0.07856125356125357,0.046348355546253384,0.009975274725274727
2957,2022-03-28,355.0333251953125,365.9599914550781,351.20001220703125,363.9466552734375,102506100,0.19455128205128205,0.0803450783611821,0.13722222222222225
2962,2022-04-04,363.1266784667969,383.3033447265625,357.510009765625,381.8166809082031,82035900,0.185,0.05611341298759176,0.05833333333333333
2977,2022-04-26,331.8099975585937,333.3333435058594,291.6666564941406,292.1400146484375,136133700,0.10717532467532467,-0.12184121881948873,0.065
2978,2022-04-27,299.52667236328125,306.0,292.4533386230469,293.836669921875,76956300,-0.07047082932499599,0.005807678470473254,0.10717532467532467
2982,2022-05-03,301.0599975585937,308.02667236328125,296.1966552734375,303.0833435058594,63709500,0.09822941811133055,0.006988279761963367,0.11418209876543212
2985,2022-05-06,295.6666564941406,296.0,281.03668212890625,288.54998779296875,72903000,0.09282828282828283,-0.008737180698190294,0.5
2989,2022-05-12,233.6666717529297,253.22000122070312,226.6666717529297,242.6666717529297,140313000,0.09996212121212121,-0.008174386751047313,-0.005208333333333327
2996,2022-05-23,218.33999633789065,226.65333557128903,212.6866607666016,224.96665954589844,88903500,0.20797123015873017,0.01656871415985961,0.20965229384436704
2999,2022-05-26,220.47332763671875,239.55667114257807,217.8866729736328,235.91000366210935,106003200,0.11781931362288504,0.07427138936829314,0.0767361111111111
3007,2022-06-08,240.086669921875,249.9633331298828,239.1766662597656,241.86666870117188,76210500,-0.06083333333333333,0.012474516432601446,0.13374999999999998
3011,2022-06-14,218.2866668701172,226.3300018310547,211.73666381835935,220.88999938964844,97988700,0.07648333333333332,0.023887157055640706,0.4125
3014,2022-06-17,213.43333435058597,220.97000122070312,213.19667053222656,216.75999450683597,92641800,0.1404166666666667,0.017174980283869656,0.2275862068965517
3015,2022-06-21,224.60333251953125,243.57666015625,224.3333282470703,237.0366668701172,122793000,0.012037037037037032,0.09354434802147837,0.1404166666666667
3025,2022-07-06,230.77999877929688,234.56333923339844,227.1866607666016,231.73333740234372,71853600,0.10501587301587302,-0.005720802000385605,0.16589251893939394
3026,2022-07-07,233.9199981689453,245.3633270263672,232.2100067138672,244.5433349609375,81930600,0.14443171296296295,0.0552790448805931,0.10501587301587302
3028,2022-07-11,252.10333251953125,253.06333923339844,233.6266632080078,234.3433380126953,99241200,0.004166666666666668,-0.06548005948146862,0.014859307359307355
3031,2022-07-14,234.89666748046875,238.65333557128903,229.3333282470703,238.31333923339844,78557400,-0.02380952380952379,0.005371861218914864,0.1144949494949495
3035,2022-07-20,246.7833404541016,250.663330078125,243.48333740234372,247.5,88864200,0.043750000000000004,0.008023464466653252,0.17361111111111113
3037,2022-07-22,276.2200012207031,280.78668212890625,270.7133178710937,272.24334716796875,103472700,0.12351190476190477,0.0019752262198982073,0.10909090909090911
3038,2022-07-25,272.2166748046875,274.14666748046875,267.3999938964844,268.4333190917969,64073400,0.20443249458874457,-0.013994935471540293,0.12351190476190477
3041,2022-07-28,280.0666809082031,283.29998779296875,272.79998779296875,280.8999938964844,84723000,-0.05,0.02212352234272652,-0.003501683501683502
3046,2022-08-04,311.0,313.6066589355469,305.0,308.6333312988281,72256200,0.14768518518518517,0.026769854361953227,0.27520833333333333
3047,2022-08-05,302.6700134277344,304.6066589355469,285.5433349609375,288.1700134277344,113172900,0.11666666666666665,-0.0663030068235908,0.14768518518518517
3053,2022-08-15,301.78668212890625,313.1333312988281,301.2300109863281,309.32000732421875,89359200,0.525,0.03096359891583922,0.04583333333333333
3054,2022-08-16,311.6666564941406,314.6666564941406,302.8833312988281,306.5633239746094,88136400,0.27383116883116887,-0.008912075793144236,0.525
3055,2022-08-17,303.39666748046875,309.6566772460937,300.0333251953125,303.9966735839844,68766000,0.06936507936507937,-0.008372333511224461,0.27383116883116887
3057,2022-08-19,299.0,300.3599853515625,292.5,296.6666564941406,61395300,0.24437270431588612,-0.020481852686155544,0.025
3058,2022-08-22,291.913330078125,292.3999938964844,286.2966613769531,289.913330078125,55843200,0.02447916666666667,-0.022764022407583906,0.24437270431588612
3059,2022-08-23,291.4533386230469,298.82666015625,287.92333984375,296.4533386230469,63984900,0.07554112554112555,0.0225584954757323,0.02447916666666667
3062,2022-08-26,297.42999267578125,302.0,287.4700012207031,288.0899963378906,57163900,0.04579827374271819,-0.026953121859416895,0.0875
3065,2022-08-31,280.6199951171875,281.25,271.8099975585937,275.6099853515625,52107300,0.0,-0.007526203685978228,0.128125
3078,2022-09-20,306.9100036621094,313.3299865722656,305.5799865722656,308.7300109863281,61642800,0.1705357142857143,-0.0011000625419275156,0.23064814814814813
3085,2022-09-29,282.760009765625,283.6499938964844,265.7799987792969,268.2099914550781,77620600,0.20909090909090908,-0.06810050474193585,0.029861111111111106
3086,2022-09-30,266.1499938964844,275.57000732421875,262.4700012207031,265.25,67726600,0.1357142857142857,-0.011036096899372572,0.20909090909090908
3098,2022-10-18,229.5,229.82000732421875,217.25,220.19000244140625,75891900,0.09293650793650793,0.0038294794370521412,0.1848409090909091
3104,2022-10-26,219.3999938964844,230.6000061035156,218.1999969482422,224.63999938964844,85012500,0.08815656565656566,0.009981122376490958,0.06152389277389277
3106,2022-10-28,225.3999938964844,228.8600006103516,216.3500061035156,228.5200042724609,69152400,0.10875365497076023,0.01523838460338034,0.06666666666666667
3109,2022-11-02,226.0399932861328,227.8699951171875,214.82000732421875,214.97999572753903,63070300,0.12003851540616246,-0.05636033352596037,0.05305555555555556
3111,2022-11-04,222.6000061035156,223.8000030517578,203.0800018310547,207.47000122070312,98622200,0.1566452380952381,-0.0364125977743186,0.04145833333333334
3113,2022-11-08,194.0200042724609,195.1999969482422,186.75,191.3000030517578,128803400,0.12316666666666667,-0.02932818513088775,0.06387340587340587
3114,2022-11-09,190.77999877929688,195.88999938964844,177.1199951171875,177.58999633789062,127062700,0.015198863636363634,-0.07166757185130745,0.12316666666666667
3118,2022-11-15,195.8800048828125,200.82000732421875,192.05999755859372,194.4199981689453,91293800,0.051052677942212826,0.018172303095892017,0.12125608766233766
3120,2022-11-17,183.9600067138672,186.16000366210935,180.8999938964844,183.1699981689453,64336000,0.13622271825396826,-0.020062058831236462,0.06499116161616161
3129,2022-12-01,197.0800018310547,198.9199981689453,191.8000030517578,194.6999969482422,80046200,0.16420745149911817,0.0,0.09634711779448622
3131,2022-12-05,189.44000244140625,191.2700042724609,180.5500030517578,182.4499969482422,93122700,0.06809895833333333,-0.06368676805520934,0.041833553753196605
3133,2022-12-07,175.02999877929688,179.3800048828125,172.22000122070312,174.0399932861328,84213300,0.2679012345679012,-0.032143331123685615,0.164375
3137,2022-12-13,174.8699951171875,175.0500030517578,156.91000366210938,160.9499969482422,175862700,0.1371626984126984,-0.04093677795344208,0.13950268817204303
3140,2022-12-16,159.63999938964844,160.99000549316406,150.0399932861328,150.22999572753906,139032200,0.12238404452690166,-0.047187179094365206,0.07243827160493826
3141,2022-12-19,154.0,155.25,145.82000732421875,149.8699951171875,139390600,0.11833333333333333,-0.00239632976495896,0.12238404452690166
3144,2022-12-22,136.0,136.6300048828125,122.26000213623048,125.3499984741211,210090300,0.17419257054673723,-0.08882756559936855,0.09100446428571429
3148,2022-12-29,120.38999938964844,123.56999969482422,117.5,121.81999969482422,221923300,0.09113636363636364,0.0808269069678893,0.1284803737928738
3151,2023-01-04,109.11000061035156,114.58999633789062,107.5199966430664,113.63999938964844,180389000,0.16875,0.05124885285593783,0.018154761904761913
3153,2023-01-06,103.0,114.38999938964844,101.80999755859376,113.05999755859376,220911100,0.025,0.024651090365942707,0.10578063241106718
3154,2023-01-09,118.95999908447266,123.5199966430664,117.11000061035156,119.7699966430664,190284000,0.19734362859362858,0.05934901140427806,0.025
3155,2023-01-10,121.06999969482422,122.76000213623048,114.91999816894533,118.8499984741211,167642500,0.14652777777777778,-0.007681374256751861,0.19734362859362858
3158,2023-01-13,116.5500030517578,122.62999725341795,115.5999984741211,122.4000015258789,180714100,0.13974358974358975,-0.009388119582672938,0.16780701754385965
3163,2023-01-23,135.8699951171875,145.3800048828125,134.27000427246094,143.75,203119200,0.12041666666666666,0.07742468874848996,0.11988891060071616
3169,2023-01-31,164.57000732421875,174.3000030517578,162.77999877929688,173.22000122070312,196813500,0.11154411764705882,0.03936155894904236,0.037990196078431376
3171,2023-02-02,187.3300018310547,196.75,182.6100006103516,188.2700042724609,217448300,0.1429537938912939,0.03781489703913388,0.1388888888888889
3173,2023-02-06,193.00999450683597,198.1699981689453,189.9199981689453,194.75999450683597,186188100,-0.0021739130434782626,0.025160537355481294,0.10582589285714286
3177,2023-02-10,202.22999572753903,206.1999969482422,192.88999938964844,196.88999938964844,204754100,0.1215686274509804,-0.05030873801899527,0.23625
3178,2023-02-13,194.4199981689453,196.3000030517578,187.6100006103516,194.63999938964844,172475500,0.15707264957264958,-0.011427700782035255,0.1215686274509804
3187,2023-02-27,202.02999877929688,209.4199981689453,201.25999450683597,207.6300048828125,161028300,0.100812251984127,0.0546017865369246,0.11721014492753623
3188,2023-02-28,210.58999633789065,211.22999572753903,203.75,205.7100067138672,153144900,0.14333472083472082,-0.009247209573726933,0.100812251984127
3201,2023-03-17,184.5200042724609,186.22000122070312,177.3300018310547,180.1300048828125,133197100,0.07023533950617283,-0.02172378153438792,0.04686290186290186
3204,2023-03-22,199.3000030517578,200.66000366210935,190.9499969482422,191.1499938964844,150376400,0.045830492424242426,-0.032543819591966616,0.05238095238095239
3205,2023-03-23,195.25999450683597,199.30999755859372,188.6499938964844,192.22000122070312,144193900,0.2398809523809524,0.0055977366381616545,0.045830492424242426
3210,2023-03-30,195.5800018310547,197.3300018310547,194.4199981689453,195.27999877929688,110252200,-0.006944444444444445,0.007220929756684091,0.0060267857142857146
3216,2023-04-10,179.94000244140625,185.1000061035156,176.11000061035156,184.50999450683597,142154600,0.1200092794693635,-0.0029720256079848184,0.12559895833333334
3217,2023-04-11,186.69000244140625,189.19000244140625,185.6499938964844,186.7899932861328,115770900,0.11538371598639456,0.012357047570191959,0.1200092794693635
3221,2023-04-17,186.32000732421875,189.69000244140625,182.69000244140625,187.0399932861328,116662200,0.03195496632996634,0.011026990735853115,0.09584120886937789
3223,2023-04-19,179.10000610351562,183.5,177.64999389648438,180.58999633789065,125732700,0.10066685765215178,-0.020183393575926023,0.06090360449735449
3224,2023-04-20,166.1699981689453,169.6999969482422,160.55999755859375,162.99000549316406,210970800,0.0581310261707989,-0.09745828230593878,0.10066685765215178
3225,2023-04-21,164.8000030517578,166.0,161.32000732421875,165.0800018310547,123539000,0.09359249792760431,0.012822849668400638,0.0581310261707989
3226,2023-04-24,164.64999389648438,165.64999389648438,158.61000061035156,162.5500030517578,140006600,0.14517496392496393,-0.015325895028073244,0.09359249792760431
3234,2023-05-04,162.7100067138672,162.9499969482422,159.64999389648438,161.1999969482422,95108500,0.17224476911976913,0.003673471985857102,0.11129316680558916
3237,2023-05-09,168.9499969482422,169.82000732421875,166.55999755859375,169.14999389648438,88965000,0.12586965197956576,-0.015367597024416146,0.11328823953823954
3240,2023-05-12,176.07000732421875,177.3800048828125,167.22999572753906,167.97999572753906,157849600,0.1350753710575139,-0.023826162598143963,0.12985857458513708
3246,2023-05-22,180.6999969482422,189.32000732421875,180.11000061035156,188.8699951171875,132001400,0.16363636363636364,0.04846228354123516,0.061281249999999995
3248,2023-05-24,182.22999572753903,184.22000122070312,178.22000122070312,182.8999938964844,137605100,0.17708333333333334,-0.015449266889003166,0.19722260802469135
3253,2023-06-01,202.58999633789065,209.8000030517578,199.3699951171875,207.5200042724609,148029900,0.14438729296066252,0.07428692985214602,0.11324404761904762
3258,2023-06-08,224.22000122070312,235.22999572753903,223.00999450683597,234.8600006103516,164489700,0.1964251700680272,0.04582087077762287,0.17090909090909093
3265,2023-06-20,261.5,274.75,261.1199951171875,274.45001220703125,165611200,0.1368622448979592,0.05338912722001776,0.049305555555555554
3266,2023-06-21,275.1300048828125,276.989990234375,257.7799987792969,259.4599914550781,211797100,0.14368917512360135,-0.054618400747766804,0.1368622448979592
3267,2023-06-22,250.7700042724609,265.0,248.25,264.6099853515625,166875900,0.1585537918871252,0.019848894111198723,0.14368917512360135
3272,2023-06-29,258.0299987792969,260.739990234375,253.6100006103516,257.5,131283400,0.1375,0.004917303362650394,0.22386363636363635
3277,2023-07-07,278.42999267578125,280.7799987792969,273.7699890136719,274.42999267578125,113879200,0.1101294903926483,-0.007630056425625198,0.10340909090909091
3280,2023-07-12,276.3299865722656,276.5199890136719,271.4599914550781,271.989990234375,95672100,-0.05200892857142857,0.008154422401772665,0.12591145833333334
3281,2023-07-13,274.5899963378906,279.45001220703125,270.6000061035156,277.8999938964844,112681500,0.09000457875457876,0.02172875427149612,-0.05200892857142857
3284,2023-07-18,290.1499938964844,295.260009765625,286.010009765625,293.3399963378906,112120300,0.22107789855072466,0.010193509901870401,0.07822498274672186
3288,2023-07-24,255.8500061035156,269.8500061035156,254.1199951171875,269.0599975585937,136508500,0.1732142857142857,0.03476659075024613,-0.02733333333333333
3289,2023-07-25,272.3800048828125,272.8999938964844,265.0,265.2799987792969,112757300,0.1555515873015873,-0.014048906614122947,0.1732142857142857
3291,2023-07-27,268.3099975585937,269.1300048828125,255.3000030517578,255.7100067138672,103697300,0.08537760416666666,-0.032683938680391544,0.1971577380952381
3292,2023-07-28,259.8599853515625,267.25,258.2300109863281,266.44000244140625,111446000,0.15435385602052268,0.04196157931177735,0.08537760416666666
3294,2023-08-01,266.260009765625,266.4700012207031,260.25,261.07000732421875,83166000,0.14756854256854257,-0.023781870118334214,0.1320837675698787
3295,2023-08-02,255.57000732421875,259.5199890136719,250.4900054931641,254.1100006103516,101752900,0.11064319667260844,-0.02665954157355055,0.14756854256854257
3299,2023-08-08,247.4499969482422,250.9199981689453,245.00999450683597,249.6999969482422,96642200,0.1587261904761905,-0.006959634206558429,0.1723996723996724
3300,2023-08-09,250.8699951171875,251.1000061035156,241.8999938964844,242.19000244140625,101596300,0.18048701959416244,-0.03007606967809695,0.1587261904761905
3303,2023-08-14,235.6999969482422,240.66000366210935,233.75,239.75999450683597,98595300,0.12207602339181288,-0.011910156448968756,0.15038187065459793
3311,2023-08-24,238.66000366210935,238.9199981689453,228.17999267578125,230.0399932861328,99777400,0.09905122655122654,-0.02879341090367593,0.21165719696969695
3313,2023-08-28,242.5800018310547,244.3800048828125,235.3500061035156,238.82000732421875,107673700,0.09839743589743591,0.0009640428763089126,0.10710075493612078
3316,2023-08-31,255.97999572753903,261.17999267578125,255.0500030517578,258.0799865722656,108861700,0.17410977033635114,0.004593198535678855,0.08888888888888886
3325,2023-09-14,271.32000732421875,276.7099914550781,270.4200134277344,276.0400085449219,107709800,0.2172733918128655,0.017471511114000693,0.20984920634920637
3336,2023-09-29,250.0,254.7700042724609,246.3500061035156,250.22000122070312,128522700,0.15603633421594584,0.015585665483353939,0.03630780204643841
3339,2023-10-04,248.13999938964844,261.8599853515625,247.6000061035156,261.1600036621094,129721600,0.13414529914529913,0.05934371052307452,0.12106671350092403
3342,2023-10-09,255.30999755859372,261.3599853515625,252.0500030517578,259.6700134277344,101377900,0.041402116402116405,-0.003300907210654902,0.059924812030075186
3343,2023-10-10,257.75,268.94000244140625,257.6499938964844,263.6199951171875,122656000,0.12303644553644555,0.015211543440507347,0.041402116402116405
3348,2023-10-17,250.1000061035156,257.17999267578125,247.0800018310547,254.8500061035156,93562900,0.1404100529100529,0.0036626021631880334,0.1388888888888889
3355,2023-10-26,211.32000732421875,214.8000030517578,204.8800048828125,205.75999450683597,115112600,0.05223214285714285,-0.031352997455599274,0.1375
3362,2023-11-06,223.97999572753903,226.32000732421875,215.0,219.2700042724609,117335800,0.09125233426704014,-0.0031369449915678027,0.2173750734861846
3364,2023-11-08,223.1499938964844,224.1499938964844,217.63999938964844,222.1100006103516,106584800,0.09810725176291214,-0.0003150241594066516,0.12731481481481483
3369,2023-11-15,239.2899932861328,246.6999969482422,236.4499969482422,242.83999633789065,150354000,0.10702898550724636,0.02287179390936478,0.250068870523416
3370,2023-11-16,239.4900054931641,240.8800048828125,230.9600067138672,233.58999633789065,136816800,0.1963068181818182,-0.038090924639652135,0.10702898550724636
3373,2023-11-21,235.0399932861328,243.6199951171875,233.33999633789065,241.1999969482422,122288000,0.08178195953706158,0.02376906069461704,0.08267088174982912
3375,2023-11-24,233.75,238.75,232.3300018310547,235.4499969482422,65125200,0.10661018280091557,0.00529435207219775,0.06597803509424603
3379,2023-11-30,245.13999938964844,245.22000122070312,236.91000366210935,240.0800018310547,132353200,0.19569444444444442,-0.026913097263276287,0.2411815156169995
3385,2023-12-08,240.2700042724609,245.2700042724609,239.2700042724609,243.83999633789065,103126800,0.14039421306662686,0.0049455858525417895,0.13772171831695643
3386,2023-12-11,242.7400054931641,243.44000244140625,237.4499969482422,239.7400054931641,97913900,0.0967136306980057,-0.01681426716823431,0.14039421306662686
3387,2023-12-12,238.5500030517578,238.9900054931641,233.8699951171875,237.00999450683597,95328300,0.1993287740628166,-0.011387381846063915,0.0967136306980057
3388,2023-12-13,234.19000244140625,240.3000030517578,228.1999969482422,239.2899932861328,146286300,0.04402777777777778,0.009619842336358042,0.1993287740628166
3395,2023-12-22,256.760009765625,258.2200012207031,251.3699951171875,252.5399932861328,93370100,0.24649425287356322,-0.007701401626197146,-0.029166666666666674
3397,2023-12-27,258.3500061035156,263.3399963378906,257.5199890136719,261.44000244140625,106494400,0.05520833333333334,0.018822405072142834,0.18428111471861472
3407,2024-01-11,230.57000732421875,230.92999267578125,225.3699951171875,227.22000122070312,105873600,0.12014111898202808,-0.028725319101363445,0.1437279541446208
3411,2024-01-18,216.8800048828125,217.4499969482422,208.7400054931641,211.8800048828125,108595400,0.05927385265700482,-0.017026203279914,0.0931547619047619
3414,2024-01-23,211.3000030517578,215.6499938964844,207.75,209.13999938964844,106605900,0.11416666666666667,0.0016283349277841364,0.137
3419,2024-01-30,195.3300018310547,196.3600006103516,190.6100006103516,191.58999633789065,109982300,0.017291292418843442,0.0034567835721344142,0.05361164736164736
3425,2024-02-07,188.17999267578125,189.7899932861328,182.67999267578125,187.5800018310547,111535200,0.1254315886134068,0.013398139631352501,0.09368515328209207
3426,2024-02-08,189.0,191.6199951171875,185.5800018310547,189.55999755859372,83034000,0.14506666666666665,0.010555473441792307,0.1254315886134068
3428,2024-02-12,192.1100006103516,194.72999572753903,187.27999877929688,188.1300048828125,95498600,-0.008624639249639252,-0.028103539988478476,0.08007224257224256
3432,2024-02-16,202.05999755859372,203.1699981689453,197.3999938964844,199.9499969482422,111346700,0.1468625415282392,-0.0024943876658132247,0.110625
3438,2024-02-27,204.0399932861328,205.6000061035156,198.25999450683597,199.72999572753903,108645400,0.015707671957671962,0.001654974128163511,0.10963464005130671
3440,2024-02-29,204.17999267578125,205.27999877929688,198.4499969482422,201.8800048828125,85907000,0.11376272376272377,-0.0007918650199801869,0.13691952418926104
3442,2024-03-04,198.72999572753903,199.75,186.72000122070312,188.13999938964844,134334900,0.08759285981508204,-0.07155546804023882,0.1539772727272727
3447,2024-03-11,175.4499969482422,182.8699951171875,174.8000030517578,177.77000427246094,85391500,0.08843005526967791,0.013858834181150304,0.15644679394679395
3448,2024-03-12,177.77000427246094,179.42999267578125,172.41000366210938,177.5399932861328,87391700,-0.0009928229665071779,-0.0012938683737420131,0.08843005526967791
3457,2024-03-25,168.75999450683594,175.24000549316406,168.72999572753906,172.6300048828125,74228600,0.05380190796857463,0.010536808713131895,0.15746712018140588
3459,2024-03-27,181.41000366210935,181.91000366210935,176.0,179.8300018310547,81804000,0.07413663663663664,0.012157391142962881,0.030830681735059616
3461,2024-04-01,176.1699981689453,176.75,170.2100067138672,175.22000122070312,81562100,0.11125222816399286,-0.003242460249155976,0.09512034364812141
3470,2024-04-12,172.33999633789062,173.80999755859375,170.36000061035156,171.0500030517578,64722700,0.026634615384615385,-0.020332204625772565,0.12904831523252575
3473,2024-04-17,157.63999938964844,158.3300018310547,153.77999877929688,155.4499969482422,82439700,0.10485284391534393,-0.010565868854054306,0.013186249137336093
3477,2024-04-23,143.3300018310547,147.25999450683594,141.11000061035156,144.67999267578125,124545100,0.04638989776701641,0.018514534090260826,0.1161683999270206
3482,2024-04-30,186.97999572753903,190.9499969482422,182.83999633789065,183.27999877929688,127031800,0.12224905303030302,-0.05550118063944742,0.19182716049382714
3483,2024-05-01,182.0,185.8600006103516,179.00999450683594,179.99000549316406,92829700,0.2534455128205128,-0.017950640048260635,0.12224905303030302
3489,2024-05-09,175.00999450683594,175.6199951171875,171.3699951171875,171.97000122070312,65950300,0.006777777777777783,-0.01573946875450305,0.11987256073277579
3490,2024-05-10,173.0500030517578,173.05999755859375,167.75,168.47000122070312,72627200,0.09040260560146923,-0.02035238689978358,0.006777777777777783
3491,2024-05-13,170.0,175.39999389648438,169.0,171.88999938964844,67018900,0.08169217687074831,0.020300339194899042,0.09040260560146923
3492,2024-05-14,174.5,179.49000549316406,174.07000732421875,177.5500030517578,86407400,0.03242026748971193,0.03292805679333921,0.08169217687074831
3495,2024-05-17,173.5500030517578,179.6300048828125,172.75,177.4600067138672,77445800,0.1411954365079365,0.014985188920464187,0.16888888888888887
3499,2024-05-23,181.8000030517578,181.8999938964844,173.25999450683594,173.74000549316406,71975500,0.09572769953051644,-0.03536724832380789,0.5
3503,2024-05-30,178.5800018310547,182.6699981689453,175.3800048828125,178.7899932861328,77618400,0.11976282761166482,0.014756744473008343,0.14859418359418358
3505,2024-06-03,178.1300048828125,182.63999938964844,174.49000549316406,176.2899932861328,68568900,0.11907657657657658,-0.0100517100545634,0.0947442680776014
3506,2024-06-04,174.77999877929688,177.75999450683594,174.0,174.77000427246094,60056300,0.1449259259259259,-0.008622094682395387,0.11907657657657658
3507,2024-06-05,175.35000610351562,176.14999389648438,172.1300048828125,175.0,57953800,0.1760767330257462,0.0013159908560766986,0.1449259259259259
3510,2024-06-10,176.05999755859375,178.57000732421875,173.1699981689453,173.7899932861328,50774600,0.09122351947407752,-0.020791089307163446,0.2269965277777778
3513,2024-06-13,188.38999938964844,191.0800018310547,181.22999572753903,182.47000122070312,118984100,0.23249458874458873,0.029217711832219218,0.22508190008190007
3522,2024-06-27,195.1699981689453,198.72000122070312,194.0500030517578,197.4199981689453,72746500,0.22914583333333333,0.0053470646120412635,0.11656565656565655
3524,2024-07-01,201.0200042724609,213.22999572753903,200.8500061035156,209.8600006103516,135691400,0.1464272186147186,0.06054171938510833,0.24041019955654103
3527,2024-07-05,249.80999755859372,252.3699951171875,242.4600067138672,251.5200042724609,154501200,0.15098343685300208,0.02082067005771493,0.16796536796536796
3529,2024-07-09,251.0,265.6099853515625,250.3000030517578,262.3299865722656,160210900,0.15913843101343103,0.03712336538398886,0.07983405483405483
3531,2024-07-11,263.29998779296875,271.0,239.6499938964844,241.02999877929688,221707300,0.14441152597402598,-0.08444127539962887,0.10973265016233767
3536,2024-07-18,251.08999633789065,257.1400146484375,247.1999969482422,249.22999572753903,110869000,0.13080669981060605,0.002937608561525362,0.10863731856378915
3538,2024-07-22,244.2100067138672,253.2100067138672,243.75,251.50999450683597,101225400,0.1944224334441726,0.05146320115237035,0.13626681067470542
3549,2024-08-06,200.75,202.8999938964844,192.6699981689453,200.63999938964844,73783900,0.1264922480620155,0.008849529684359148,0.03739495798319328
3551,2024-08-08,195.6999969482422,200.6999969482422,192.0399932861328,198.83999633789065,65033900,0.15386363636363637,0.036921162045623124,0.08590686274509804
3554,2024-08-13,198.47000122070312,208.4900054931641,197.05999755859372,207.8300018310547,76247400,0.10675188262553854,0.052357061371637315,0.15436814574314575
3555,2024-08-14,207.38999938964844,208.44000244140625,198.75,201.3800048828125,70250000,0.20319965032217507,-0.0310349655555765,0.10675188262553854
3556,2024-08-15,205.0200042724609,215.8800048828125,204.82000732421875,214.13999938964844,89848500,0.23595730027548212,0.06336276788880446,0.20319965032217507
3561,2024-08-22,223.82000732421875,224.8000030517578,210.32000732421875,210.66000366210935,79514500,0.24790343915343913,-0.056478704568676985,0.2099483543417367
3563,2024-08-26,218.75,219.08999633789065,211.00999450683597,213.2100067138672,59301200,0.14598792411292413,-0.0322712435275504,0.2333210350255805
3564,2024-08-27,213.25,215.66000366210935,206.94000244140625,209.2100067138672,62821400,0.2859537493158183,-0.018760845523390857,0.14598792411292413
3566,2024-08-29,209.8000030517578,214.88999938964844,205.97000122070312,206.27999877929688,62308800,0.055799603174603175,0.002575935743848623,0.08929063360881544
3569,2024-09-04,210.58999633789065,222.22000122070312,210.57000732421875,219.41000366210935,80651800,0.16413656655844155,0.04183284569452206,0.109053361604382
3574,2024-09-11,224.5500030517578,228.47000122070312,216.8000030517578,228.1300048828125,83548600,0.10491179653679654,0.008666077418469476,0.06033422459893048
3580,2024-09-19,234.0,244.2400054931641,232.1300048828125,243.9199981689453,102694600,0.15460434173669468,0.07359155565707187,0.11028534137522901
3584,2024-09-25,252.5399932861328,257.04998779296875,252.27999877929688,257.0199890136719,65034300,0.11621118012422361,0.010815214909361659,0.17102949134199136
3646,2024-12-23,431.0,434.510009765625,415.4100036621094,430.6000061035156,72698100,0.055561434450323334,0.022657123925894362,0.03843252921237802
3675,2025-02-06,373.0299987792969,375.3999938964844,363.1799926757813,374.3200073242188,77918200,0.08745915032679738,-0.010180622383618165,0.07647542232671543
